idx,question_id,heuristic_label,model_label,confidence,correct_label,title,content_preview
4673,psy525_105811,1.9,1.3,0.134,,感觉自己太痛苦,"我跟老公结婚4年,有一个2岁宝宝。自从结婚我就没有开心过,总觉得老公跟我不是一条路。就像拔河一样,他往西我往东。我想把他拽到东边来,死活拽不过来。我很痛苦,很痛"
7124,psy525_108857,1.8,2.1,0.145,,宝宝三岁现在经常歪嘴巴,"宝宝三岁,现在在托班,比较内向,在托班的时候有时候感觉尴尬就会歪这嘴巴,现在次数越来越多,不知道怎么开导她,在家里都很少会这样的"
2745,psy525_103579,1.13,2.1,0.139,,过于敏感又过于心软敏感的人爱胡思乱想心软的人爱自讨苦吃。,"想活出自己珍惜拥有的可是,我该怎么去做"
7889,psy525_109690,1.12,1.17,0.172,,需要专家的帮助,"老师,如何提高自我认知能力?"
3565,psy525_104545,2.4,2.1,0.141,,男友脚踏几条船,"和男友分手了!他在去年就没跟他前任分彻底,就跟我在一起,我们在一起时他告诉我他们已经分手了,只是朋友,我的宽容和大度都没用,怎么跟他沟通,说我介意,他还是没有说"
7887,psy525_109688,2.9,1.2,0.149,,心里很痛苦,"前段时间单位给我调岗,新岗位的同事和领导很不友好,总是排挤和刁难我,我每天总是疲于迎合她们,很心累所以下班后才做点自己喜欢的事,回家有点晚,可我父母却跟单位请假"
5360,psy525_106555,3.2,1.17,0.187,,一次恶心的同性行为,"有过一次恶心同性行为,觉的自己非常肮脏,不想见人,严重影响工作,生活,有点想自杀的冲动,希望您能帮帮我!"
7068,psy525_108796,1.16,1.1,0.136,,儿子被人怀疑偷钱,"儿子被人怀疑偷钱,学校现在在暗中调查,怎么解决"
2370,psy525_103142,1.9,1.9,0.262,,"我快要结婚了跟我女友相爱六年从大学到现在,可是我在网上遇到一个我更喜欢的女孩她对我也很好我该怎么办",我该怎么做我很迷茫不知道该怎么办
4751,psy525_105901,1.8,1.3,0.148,,哥哥无故失联,"哥哥今天下午出门后失联,一开始电话打不通,后来打通了一直不接,所有信息不回,直到爸爸说要报警才说明天回别担心,然后又不回复了,爸爸每个月有给他钱,他说朋友用了他"
5885,psy525_107214,1.6,1.1,0.126,,心里烦躁想发泄,一般都是6点半起不来今天凌晨3点就睡不着了上课总感觉烦躁脸还很红怎么回事
6947,psy525_108661,1.17,1.17,0.253,,总怀疑医生没有很好的给我治疗牙乔正牙,"牙子不整齐,不舒服,乔正过程中还是觉得不舒服"
368,psy525_10510,2.7,2.7,0.128,,"整个家庭一直是岳母操持,岳父从来对儿女感情疏远,话语很少,性格固执孤僻!一直以来没有朋友,也没有兴趣","整个家庭一直是岳母操持,岳父从来对儿女感情疏远,话语很少,性格固执孤僻!一直以来没有朋友,也没有兴趣爱好,亲戚之间也几乎没有走动。儿女多次对于身体病痛多次去医院"
5357,psy525_106552,2.3,2.2,0.127,,怀疑自己有人格缺陷,"本人认为不相信亲情、友情、爱情对生活并没有过大影响,但母亲却做出极大地反对态度(母亲是大专学历)。对此本人极其的不解,导致本人最近经常出现极大的情绪波动,甚是困"
1180,psy525_11408,2.7,1.9,0.131,,"男友出轨后,如何再接受他","男友前女友给他打过一个孩子,两人分手后一直有联系。他俩分手后不久认识了我,那个女的知道我以后开始挽回他,两人纠缠了一段时间,我放不下,也一直等他。现在男朋友已经"
6836,psy525_108527,3.4,1.17,0.137,,最近烦得慌,"在学校里有时候想打人,上课有时候因为太烦听不见,很累"
4531,psy525_105653,3.2,2.1,0.338,,特别想自杀,"想自杀,有自残倾向,也会攻击身边的人,我很痛苦,想自我了结,不想拖累家人"
8103,psy525_109928,1.1,1.1,0.150,,"我觉得自己是性格神经症患者,如果接受心理治疗,会从哪些点开始","我觉得自己是性格神经症患者,具体举几个部分,本人为刚毕业大学生对于自己的以后的职业和从事的领域无法抉择具体原因和“我们时代的神经症人格”如出一辙(我也不确定是不"
1774,psy525_102358,1.7,1.17,0.132,,不知道该怎么处理婚姻问题,"现在我这样很累,不知道怎么办,希望你们能帮帮我"
1055,psy525_11267,1.11,1.17,0.136,,我实在放不下,"我喜欢一个女孩子,非常喜欢,我们有过两个星期的接触,她对我很好,可后来真心的伤了我,我很伤心,原来她一直在玩我,来满足她,根本不在乎我,现在的我整天浑浑噩噩的,"
8032,psy525_109847,1.12,1.17,0.136,,缺爱好难受啊!,"我太缺爱了,不自信,怎么办呢?"
1265,psy525_11504,1.7,1.8,0.139,,"希望和相亲对象相处下去,却排斥肢体接触","本人29剩女,和相亲对象相亲一个月,见过4次,感觉条件和人都还好,想继续相处,出于各方压力是想快些嫁出去。但看着他的样子却一直没有感觉,并且非常排斥肢体接触,特"
6882,psy525_108588,1.7,2.7,0.124,,"丢三落四,记忆力不好,易怒,做事着急,脾气大","我该怎么办,我觉得我压力来源就是因为这些毛病"
7996,psy525_109806,1.12,1.17,0.138,,"我媳妇做微商,我受不了","我媳妇做微商,我不同意,个人认为微商是变相的传销,我讲理说请,软话狠话都说,就是劝不住,之前无论对错,我媳妇我在乎我的感受,为什么一接触微商,就什么不管了……我"
1368,psy525_11616,1.1,1.1,0.479,,"工作不敢去面试,而且学历不高,只有高中。被家人催,心里特烦","我的学历不高,性格内向,又不会什么技术,曾做过一次服务员和麦当劳,但现在反而不敢去面试了,感觉越工作越胆小,都不敢迈出这一步了,想去做服务员看见现在服务员基本是"
6086,psy525_107519,1.7,1.17,0.226,,我不想按照要求来,"就是不想按照要求来,越是让我怎么做我越不想这么做,我觉得心里很烦,为什么我不能遵从自己的内心,想做什么就做什么,为什么我的梦想伊甸园就不能走进么?一遍又一遍的烦"
1843,psy525_102449,1.15,1.17,0.245,,不确定自己是否是易性癖,"我是一个男生,但是渴望穿女生的漂亮衣服,并且想要勾引诱惑同性并与其发生关系,我不确定这是不是易性癖"
7242,psy525_108986,1.17,1.17,0.541,,"女生的观念是;主动的女生会被瞧不起,主动的男生会被视为勇敢。为何主动的女生会被人瞧不起?","女生的观念是;主动的女生会被瞧不起,主动的男生会被视为勇敢。为何主动的女生会被人瞧不起?"
6490,psy525_108066,1.16,1.1,0.132,,"我儿子很叛逆,怎么能治疗","我想咨询我儿子很不听话,喜欢了QQ,总之是很叛逆。"
4421,psy525_105529,2.9,1.17,0.304,,"自言自语,自问自答","有时会幻想,把自己带入设定好的人物中,会自己和自己对话,自己给自己提问题,然后自己回答,会把别的东西拟人,对着说话.会是精神分裂吗.."
450,psy525_10598,1.9,1.9,0.140,,男生穿女装,"您好,我是男生,今年28了,从小喜欢穿女生裤袜等女生衣服,喜欢自己在家穿,其实我就得穿女装没什么不好,女装衣服漂亮,面料舒服,可是我现在结婚了,老婆知道了我的爱"
2013,psy525_102681,1.1,1.2,0.147,,红色性格的我如何与黄色性格的老公和谐相处,"老公霸气十足,富有批判性:很少认可赞美陪伴我,无论我怎样做都无法满足他高标准,严要求的目标,这让我很沮丧,忒不舒服了。为此我喜欢逃避,不愿呆在他的跟前,有意离开"
7020,psy525_108747,2.7,2.1,0.133,,这样的朋友还需要继续相处下去吗?,"是这样的一件事,去年的这个时候,班上可以自愿报名评助学金,就500元,我想参评是因为我的妈妈患上了一种比较严重的慢性病,但是评助学金的话需要交挺多材料的,我一个"
1346,psy525_11592,1.8,1.8,0.319,,接受不了自己,男朋友对我冷淡不和我联系但我们也没分手在这期间我和别的男人由于生理冲动摸了对方的身体他吻了我的胸还要和我做爱但我控制住了现在接收不了自己的这次行为觉得自己背叛了
3343,psy525_104289,2.4,2.1,0.282,,"我平时经常臆想,好像从小就这样,无论在做什么脑子里总会想一些事,会不会是狂想症?","我平时走着坐着,无论是上课学习还是在做事情我都会走神,脑子里想一些乱七八糟的东西,有过去,有未来,有不存在的幻想,也有最近发生的事情,反正就是什么也想,近乎于癫"
7095,psy525_108824,1.9,1.9,0.219,,"男友姐姐回娘家,却去他那住","我男友的姐姐嫁到另一个城市了,每年回来两次左右,五一左右差不多回来一次,十月一差不多回来一个,但是一回来就住几个月,两个月左右吧,这不前几天又回来了,还有俩孩子"
912,psy525_11111,1.7,2.1,0.141,,我总是容易担心焦虑,"我总是这样对于自己想说却没及时说出来的话就是如果不说出来,就会一直想这个事儿几天前,妈妈说到我家借了五万给姨爹的事,妈妈说不要说给大妈他们听,免得闹矛盾。然后我"
2460,psy525_103253,1.1,1.1,0.363,,"孩子的性格特别内向,有些问题不愿和我沟通",感觉她心里压力大学习下降
8279,psy525_110116,1.12,1.17,0.233,,我不知道该说什么,"我很迷茫,不知道如何是好"
4226,psy525_105320,1.16,2.2,0.145,,恋物癖怎么办,我总是偷偷的射在我房东女儿的内衣上
7821,psy525_109617,3.4,1.3,0.107,,这是一种什么样的心理?,"我弟弟现在25岁了,手里没有钱还一直想花钱,控制不住自己,前些日子在网上借款花了十几万,可是现在还是没有改,总是说谎骗人,成了一种习惯,不跟家人说实话。一跟他沟"
4240,psy525_105335,2.4,2.4,0.123,,"老公喝酒成瘾,我该如何做?","我和我丈夫结婚7年了,明天晚上都要喝白酒300毫升或啤酒2000毫升,我也劝过,也和他打过,都无济于事,他总认为自己累,压力大,总为自己找借口,这几年为了改变自"
2144,psy525_102862,1.15,2.2,0.201,,如何确定自己是不是患有边缘性人格障碍,或者存在其他的一些心理问题
1546,psy525_101985,1.2,1.2,0.413,,"我老婆心态不好,总觉得我不顺眼,夫妻关系紧张","我老婆性格固执要强,加上工作压力大,平时和我不愿交流,她做生意我上班,两个人收入差距大,即使我做家务做饭照顾她和孩子她都不满意,总觉得我赚不来钱不能担当家庭重担"
2348,psy525_103114,2.2,2.2,0.346,,最近心里好烦,"你好,医生,我是一名刚上高一的学生,是这样的,我是个比较敏感的人,我所在的班级按小组划分,轮流执勤,下周就轮到我们这组了,而组长就会在这周内保管教室门的钥匙,就"
7241,psy525_108985,1.7,1.8,0.105,,"最近女女同我聊天,她说自己只对女生有感觉,对男生无感觉,但无讨厌,请问我怎样才能帮她纠正","最近女女同我聊天,她说自己只对女生有感觉(读高三发现),对男生无感觉,但无讨厌,大学时谈过一个女性朋友,后来因为那个女的家里出事了,不想连累我女儿才分手了。请问"
706,psy525_10888,1.2,1.2,0.506,,我们还应该在一起么我很爱她,我今年二十岁从小学三年级喜欢上了一个女生那时候她清纯在我十七岁的时候我已经到社会工作了她也是那是一个夏天她给我打电话说要和我处对象我当时都不敢相信然后她说他是认
1256,psy525_11492,1.9,2.1,0.132,,爱还是不爱,前些日子我看了美人鱼之后就疯狂迷恋上了林允我16岁正值初三她19岁那个时候我每天都感觉心里热热的满脑子都是她渴望和她恋爱随着时间的流逝我最近发现我有些时候不会想
5260,psy525_106446,2.9,1.1,0.214,,咨询孩子问题,"您好!我想咨询一下,我的孩子今年14岁,不想去上学,而且脾气暴躁不说话。"
7115,psy525_108848,1.12,2.1,0.149,,个人成长困惑,"我的人生很迷茫,没有动力,也没有方向,我一直被锁在,上辈的爱恨情仇里,把我的三观都冲击的凌乱,越来越看不懂这个世界,迷失了自我"
4013,psy525_105085,2.1,2.1,0.194,,"我真希望她对我说,不用你给我空间。如果她真的喜欢我为何不肯说出这句话?","我通过qq给她发消息说,我给了你2年的空间,我现在特别能够理解等我2年的另外一个女生的境遇。临走前我终于可以给你永久的空间了因为我不会再喜欢你。永久的空间就是不"
6246,psy525_107744,1.6,2.1,0.144,,"繁华万千,我的心毫无一点波澜","不知道怎么了最近几个月,睡眠不好。情绪不好,反正各种不好的都有。本身就是一个内向的人,现在对什么都觉得无趣。我这是什么问题,求解答!谢谢"
6636,psy525_108252,1.7,1.7,0.147,,精神性阳痿,"怎么能够放松,达到能够不紧张的状态"
2200,psy525_102932,2.7,1.8,0.136,,"我对朋友时而讨厌时而喜欢,厌恶自己","已经三四年了我觉得我很没有意志力,大家都喜欢的人,我即使讨厌,也要故作喜欢,hhhh自己知道这有病还硬要去融入,明明知道自己不受欢迎,还是要装作热情,有讨厌从别"
5645,psy525_106886,3.3,1.8,0.132,,虚伪缺乏自信,"朋友他从小被人看不起,给他带来了心理阴影,初三后开始叛逆,他觉得只有他强大了别人才怕他,所谓的强大就是去混社会,成天不学好,打架赌博,吃一些伤害身体的东西,上高"
8182,psy525_110016,1.9,1.9,0.145,,怎样哄讨厌自己的前女友开心。,"再次把前女友惹生气了,她不肯理我,不和我说话,不看我,更不让我拉她的手"
6501,psy525_108082,2.8,1.17,0.138,,"爱焦虑,没自己,不相信自己","平常做事情老好出小毛病,粗心静不下心来,焦虑,有紧迫感,为未来的事情担心的睡不着觉。经常被别人左右心情,依赖别人,自控力差"
5964,psy525_107344,1.9,1.9,0.133,,同性恋失恋求解脱,"前男友劈腿,很爱他,在情感世界里走不出来"
138,psy525_10254,1.2,1.17,0.137,,"我想帮我的妈妈咨询,她疑心病很重。","我的妈妈,是个地道的农村妇女,从40岁开始疑心病很重。经常会说有人害她,因为是文盲。好多东西很难沟通,希望得到专家的帮助,谢谢!"
6258,psy525_107757,2.8,2.1,0.126,,"和孩子交流,任何话也不说","孩子24岁,一年前做汽车销售,现在发现孩子在手机上玩赌博,已经是一个大窟窿。家里人现在想竭尽全力挽救他,和他交谈,他现在无动于衷。我们该咋么办?"
1389,psy525_101773,2.8,2.1,0.125,,对同学产生强烈依赖,"我今年16岁,女生,在读私塾学校,所以同学年龄13到19不等,这一个月开学之后发现自己对于两个同性朋友产生了特别强烈的依赖,一个十九岁一个十八岁,对于另外一个十"
6181,psy525_107653,1.12,1.12,0.166,,"没目标,没方向,很迷茫。",希望能给我指点迷津我该怎么办
720,psy525_10905,2.6,1.8,0.139,,有个朋友总拿我和她自己比较,"有个朋友就是很喜欢攀比,把我和她自己各方面比,上次还笑着当面还和我说她头发比我长,长的比我好看,比我高,比我瘦,等等的,我很讨厌别人把我和谁谁谁比较,非常讨厌,"
4729,psy525_105874,1.9,2.1,0.112,,我的咨询问题,"你好老师,我总是怕男的不要我,我一次对象都没搞成过,都这么大了现在,还不了解人的状态,很自卑怎么办"
187,psy525_10317,2.4,2.4,0.276,,我们能和好如初吗?,"我们还能和好吗?我跟老公在一起12年了,我们是同学,我和他都是对方的初恋也是唯一,他对我很好,我性格很强势,每次吵架都是他认错哄我,我们才开始出来打工钱不够花的"
3725,psy525_104732,1.6,1.17,0.129,,失眠一天只能睡2小时,"上礼拜开始上夜班,白天回宿舍不会睡觉。一整天只睡2小时。一连三天都这样以前好好的,有什么调节的办法,也没想什么事就是不能入睡"
5509,psy525_106723,2.7,2.7,0.348,,总是打孩子,控制不住自己打孩子打了以后又很后悔
7131,psy525_108864,3.4,1.17,0.258,,做心理咨询了解了自己之后不明白的都放下了!,"明白了欺负与被欺负只是一种主动攻击和被动攻击,也放下了好多看不开的事,这是一种成长吗?成长会带来成功吗?我是不是悟性高"
5193,psy525_106371,2.4,1.17,0.149,,如何摆脱母亲性格造成的创伤和影响,希望有老师的电话联系方式
1939,psy525_102577,1.7,2.1,0.228,,挣扎累了早就累了,"39岁,二十多年了,身体就这样季节性折磨我。不知道自己是真懦弱还是真坚强,能活到现在。想去几千里之外的昆明养身体,刚上高一的孩子又丢不下。即便三年后可以去了,结"
3745,psy525_104758,1.7,1.2,0.122,,"苦闷的生活,找不到方向","我和他结婚13年,两个孩子,,前几年还好一些,最近这几年由于做生意不好,外面借好多钱,以前我管生意上的钱,现在他管钱,,我感觉在这份婚姻了找不到自我,心累,,该"
5869,psy525_107193,3.4,1.17,0.288,,"我从小经历家暴和校园暴力,是不是因为这样我始终不敢成为男人?我被男生欺负惯了所以我不敢成为男人。","我从小经历家暴和校园暴力,是不是因为这样我始终不敢成为男人?我被男生欺负惯了所以我不敢成为男人。"
3926,psy525_104984,3.5,1.17,0.122,,脑子里总有一些天马行空的想法,"我哥,三十岁,未婚,每天疑神疑鬼的,而且想法还很奇怪,天马行空的,有一次他认为有人跟着他,就翻过来跟人家,后来又说,对方不能是什么犯罪分子吧,如果发现他跟着人家"
2081,psy525_102769,1.2,1.2,0.211,,怎么样约不理我一个月的男朋友,"我和他只谈了两个月,有一个月他还是去外地进修去了,之前我和他相处,他觉得我不够坦诚,在他面前隐隐瞒瞒的,不够真诚,的确我在他面前表现的不够好,我对待感情比较慢热"
7886,psy525_109687,1.9,1.9,0.295,,"他和我说分手半个月,我挽回两次都失败了,是不是该安静了?",我是不是别再去打扰他了呢?
1563,psy525_102014,1.7,1.17,0.174,,"晚上不瞌睡,白天都瞌睡,上课不听讲,","从小晚上睡觉迟,晚上精神,走来走去,看看门关了没,窗关了吗,白天不起床,上课打瞌睡,没精神"
3983,psy525_105050,2.9,1.17,0.195,,"我想什么做什么都是错,我就是个可有可无的角色","我很想摆脱家里,我讨厌家里,我不说话都是错,我说也是错。我很压抑,运动转移注意力都无法得到释放,甚至我觉得我现在越来越严重了,现在我觉得我很容易走向极端,我很难"
8332,psy525_110173,2.8,1.9,0.202,,如何摆脱感情,"交了一个男朋友,还吸毒,又有背叛,可是我不知道自己怎么就是放不下!"
7776,psy525_109569,1.5,1.9,0.126,,困惑:我不知道自己的选择是否对.对象觉得我就是他要找的人.心里却怀念着初恋,想看一下这段感情发展走向能否长久?以及对方内心是怎样看待我们之间的感情的?该怎样去把握?
2949,psy525_103830,1.1,1.1,0.359,,担忧儿子的状况,"大学毕业两年了,工作不太顺,烦燥的时候多,觉得没有未来,最近一周己没去上班了。说现在啥也不想,就在家待着,问他有规划没?回答:没有。我也不晓得怎么交流下去。"
6948,psy525_108662,2.8,1.17,0.175,,"一直很在乎一个亲人,亲人要结婚了自己却有点不开心。而且经常想到这个亲人,平时他对我很好,我要什么就给",我这是依赖感还是???????????什么呢
5787,psy525_107070,2.9,1.17,0.141,,精神分裂症,问;心理医生能治愈精神分裂症吗?
875,psy525_11070,3.2,3.2,0.213,,成长带给我的伤害,"我生长在农村,家里重男轻女。但我堂叔们的家庭不是,让我怀疑自己是否父母亲生。而,家里整天都是大人吵架,喊打喊杀的,我非常讨厌、害怕、这样的生活。曾想离家出走,那"
551,psy525_10709,2.4,1.1,0.149,,"感情方面的问题,可以给我指引吗","我以前没有察觉,直到昨天晚上被一个男生拒绝才反思,我总是想要找一个自己喜欢的人,就算心里偷偷喜欢,也想找一个,反正就是不能让自己的心没有喜欢的人。我和昨晚拒绝我"
2591,psy525_103400,2.1,2.1,0.589,,这是抑郁症吗?我该怎么办,"我也不知道什么时候开始,有时候脑子里突然会有一种想法,就是想结束自己的生命,觉得活的太累了,可是又不知道为什么会这样,生活其实也没那么糟糕,家庭也很幸福,我也不"
8135,psy525_109963,2.7,1.2,0.132,,恋一物是不是有病?,"老公强迫我留长发,且不能剪短发,我很困扰,怎么说服老公?"
5219,psy525_106401,1.3,1.17,0.127,,小时候我也有过偷看父母做爱的时侯还偷闻了妈妈的内裤,"现在出门在外每天都要自慰一次,这是不是病呀?"
6178,psy525_107649,1.15,1.1,0.207,,"请问老师,欠得贷款有10000万了是第二次了家里人直接不理怎么办,说我死性不改,怎么搞",请问老师有什么好点的办法让他们知道我知道错了
1495,psy525_101904,2.9,2.1,0.376,,"经常会心神不安,还会自言自语,记性差","感觉自己冷漠,热情不了。经常感到孤独。象我这样算不算郁郁证"
6300,psy525_107818,2.7,2.1,0.187,,"我一直在思考我是谁,想的停不下来","什么事都觉得自己做的不对,已经有一年了,头每天都在痛在烧,怎么办"
4247,psy525_105344,2.7,2.7,0.262,,我喜欢偷窥,"我从小经常偷看父母做爱,后来养成偷窥的毛病,现在都结婚了,还是控制不住自己"
2785,psy525_103640,3.4,1.1,0.194,,小孩子对不爱国如何引导?,"老师您好,我有一名上小学三年级的妹妹,她上幼儿园和小学的时候,因为电视里各大少儿频道整天播放的《熊出没》《喜羊羊与灰太狼》等动画片充斥着大量脏话,暴力和很多三观"
7756,psy525_109548,1.8,2.1,0.148,,"对别人说的话,莫名的有反感,又不敢得罪的感觉","前天,我去另外一个县城修手机回来,买了一些水果,经过小姨家门口。把水果给小姨吃。小姨说,你花了多少钱。手里还有几多钱。一说这些自己都反感。头也不回的走了。好像在"
4929,psy525_106090,2.4,2.4,0.122,,怎么判定精神类疾病,"前段时间刚失恋,对我的打击挺大的,目前没走出阴影,谈了俩年我付出很多,他劈腿了然后分手,最近我自己都感觉自己不对劲,因为别人一句话会想很多,有时候说话做事都和以"
7478,psy525_109242,1.14,1.1,0.125,,14岁男孩经常问别的女生是不是穿丝袜,"我家孩子今年十四岁,去年开始发现他在网上经常问一些女生挠脚心是不是痒,发现后和他谈了他也接受了以后不聊了,可昨天发现他在网上竟然问女生是不是穿丝袜,前者和后者我"
4361,psy525_105460,1.17,1.17,0.148,,爱上了已婚的男人,"我喜欢上了一个已婚的男人,一天不见他就想的难受,真的很爱他!我也想过要离开他,可是我发现我根本做不到!我受不了没有他的日子,现在都不知道该怎么办了……"
4662,psy525_105797,2.6,1.17,0.144,,"爱上不该爱的人,他离开了在一起的城市","心里崩溃了我怎么办!吃不下,睡不着"
2901,psy525_103773,1.3,1.17,0.194,,"你好医生,怎么做心理咨询",同性恋的咨询向出柜家人不同意咋办
3840,psy525_104871,1.13,1.17,0.179,,"自卑,缺乏安全感",如何使自己不再缺乏安全感
5920,psy525_107276,2.2,1.17,0.138,,精神出轨了,"我是一个有家有的人,我喜欢上了一个有家的女人,没有什么进一步的接触,彼此可能都有好感,她害怕想接近我又可以回避我,我为这事好痛苦。"
1050,psy525_11261,1.7,2.2,0.143,,过年被逼婚实在是受不了了,"我是一位三十多岁的博士,现在有很好的职业与收入,但是每年过年回老家的时候总是被长辈催婚甚至是逼婚,过年十分紧张,甚至出现精神问题,我不是不想结婚只是没有结婚对象"
5542,psy525_106770,2.2,2.2,0.147,,社交恐惧症,"我在和爱人、朋友、同事交流的过程中我会不断地要求他们完美或者提出一些意见,我自己是这么认为。但是之后我听到的是他们说我在抬杠。我也认识到自己存在的问题,但是我不"
371,psy525_10513,1.4,1.17,0.139,,遇到事情第一时间就想到骗人,"跟一个女孩子异地恋,她跟我说同学聚会,然后自己在他们老家市里开了一个房,跟她视频聊天的时候突然发现有一包男士抽的烟,她不抽烟的,我问他为什么会有烟,刚开始说我看"
3096,psy525_104004,2.8,2.8,0.163,,如何救回我弟弟!,"我弟弟现在是一名大二的在校生,但是因为迷上了网赌,整个人变得人不像人鬼不像鬼。第一次欠了将近十万家里帮他还清了。这次又发现他又赌博了,学校的课也不去上,还到处借"
4389,psy525_105494,2.9,1.9,0.138,,感觉感觉感觉,"感觉前男友是自己一生的伤痛,一想起他就难过得要死,想着让我死掉好了。为什么我这么真挚的感情还是换来分手的结局?我感觉承受不了这些。凭什么是我而不是他承受这样的伤"
5303,psy525_106495,2.4,1.8,0.129,,女友没有任何理由绝情的分手,"没有做过任何对不起女友的事,她却在520跟我提分手,让她新对象接电话,分手没说任何的理由,已经过去半年了,心理留下了阴影,不相信感情了,我该怎么办?"
5383,psy525_106582,2.7,1.8,0.143,,爱情方面有疑惑不知道该不该分手,我和男朋友在一起半年多认识有三年多本来是朋友他先追的我刚开始很幸福我能感觉到他很喜欢我热恋期过了后他就逐渐冷淡故意不回我消息玩游戏挂我电话等现象我能感觉到我一直
2907,psy525_103779,2.3,2.1,0.135,,如果我再不把握最后一年跟她的时光就真的坐实懦弱的罪名了。,我知道我特别想谈恋爱所以去看了一次心理医生。她说我脑子特别亢奋需要吃药稳定然后我才能冷静地做出要不要谈恋爱的决定。我果然吃了药有了效果。我知道高三谈恋爱是大忌但
3247,psy525_104190,2.9,1.17,0.120,,之前出现的幻觉,"女22岁是之前的症状,现在几乎没有了,但是很想知道原因。到初中毕业为止,我会突然感觉有一些体型非常小的人(大概是人)在我身边,然后就会四处看寻找它们,但毕竟是假"
7513,psy525_109280,3.4,2.1,0.137,,"经常晕倒一小时以上,检查一切正常。","我妻子31岁,生有两孩,没病,没生气,没烦心事,没特殊情况,经常无故晕倒,每次半小时到两小时,头几次晕后不知事,后几次可以和她说话,不睁眼,不起床,逗急了知道打"
2920,psy525_103794,2.9,2.1,0.178,,精神分裂症还是误解?,"高三的时候,和同学产生了误解,我以为她在针对我,以为她故意在课堂上议论我,时长有几个月,但是经过沟通发现她确实是在议论,但议论的是别人,不是我。我误解了她。我当"
94,psy525_10209,1.16,1.17,0.138,,女儿两岁脾气特别大我很痛苦寻求帮助,您方便的话可以给我电话吗?谢谢!
4353,psy525_105452,1.15,1.17,0.296,,喜欢自己自慰,"感觉自慰比做爱舒服,,,怎么办"
8082,psy525_109905,2.9,2.1,0.144,,"没有一个人爱我,为了让我爸陪我,告诉他我病了","想让人陪,总感觉孤独,熬的,心理睹的没有一个人理解我,没有一个朋友,憋的,为了让我爸陪我,我说自己病了,去精神病院看,他才来,还是我买五十多块钱的好吃的,他才在"
3313,psy525_104256,2.9,2.2,0.163,,老婆爱钻牛角尖,"我老婆性格内向,不爱说话,认死理,这段时间精神不正常了,睡不着。做梦。疑心重,怀疑有人要害她,脾气也坏了,还自言自语。请问,她这是什么症状,希望得到您的帮助。谢"
7438,psy525_109200,2.1,2.1,0.271,,"我经常性的说话不诚实,习惯性说谎欺骗,导致现在女朋友要和我分手,他妈妈也不同意我,我该怎么挽回","我女朋友是一个没有主见的一个人,什么事情都要听他妈妈的,那天他一直在哭,他现在还在怀孕期间,她妈妈要带着他去打胎,我们本来打算要结婚的,婚期都定了,双方父母都定"
5696,psy525_106947,2.2,2.2,0.145,,怎么样帮助心里有问题的人转变,平时性格内向不愿与人交往.情绪变化反复无常.易怒少话.不易入睡.自悲.遇事恐惧......
8295,psy525_110133,1.13,1.17,0.182,,"自己长期与心魔对话,总是看不起自己,别人的随便一句话我都非常在意。有时候甚至会把事情扭曲化",请问怎么摆脱心魔的控制
3053,psy525_103958,2.1,2.1,0.339,,怎么跟家里坦白,"3月份就开始赌赌输了3万块,家里帮我还了,9月份又复赌又输了25000,各种网贷逾期,还打电话给家了。家里打电话给我都不敢接,我感觉好对不起家人呀!家人已经对我"
5737,psy525_106993,1.7,1.17,0.128,,"很焦虑,很着急,整个人是懵逼的",1次咨询0好评公开提问跟认识不久的人在一起了然后现在测出来怀孕了我又找不到他给他打电话发消息都不回复我很焦虑不知道该怎么办
3164,psy525_104085,1.17,1.17,0.349,,心理障碍咨询,我28岁脑子老是想一些不好的事情体验不到开心与快乐找不到自己的幸福
5804,psy525_107099,1.3,2.1,0.141,,缺爱的孤独症患者,"没有爱我的人,没有男生喜欢我,父母也不关心我,友情是假的,我付出了很多耐心和关心到头来由于我的放纵而丝毫不关心我,我内心出现了一个巨大的空洞,我需要爱,需要很多"
8027,psy525_109839,2.9,1.17,0.208,,"女友不理我,不说话","女友怀孕后不理我,怎么办??***********111"
106,psy525_10221,1.17,1.17,0.281,,自己生孩子的时候和医生说打过胎被自己的婆婆听到很纠结怎么办?,"自己的婆婆不是亲的,她会不会有别的想法"
3071,psy525_103978,1.7,1.7,0.141,,"我孩子总感觉自己丑,造成压力感觉周围每个人都说他丑的压力","怎样开导他认识自己,心理因素,谢谢"
4111,psy525_105194,2.8,2.1,0.146,,成人网瘾如何戒除,"我姐的女儿,今年27岁,2年前有一场失败的恋爱,受伤很深.现在沉迷网络游戏,每天晚上玩通宵,白天睡觉或玩手机,不出门,不愿与人交流.父母的话也置若罔闻,这种情况"
4468,psy525_105584,1.17,1.17,0.290,,我终于把对我不爱的拉黑,"一直忍忍忍人好就了。他一直不改。甚至变化很快。我接受不了~影响我自己了,我就拉黑了?"
36,psy525_10148,2.6,1.9,0.136,,老婆不让吃奶!去年开始!每次她都没感觉!说我不行!开始讨厌我!挑我毛病!什么做的不好!!胖了!我怀疑,我怀疑她有外遇!整天抱着手机也不让我看!天天出去玩!也不做家务了!化妆品衣服天天买!不省钱了!
2118,psy525_102829,1.16,1.17,0.207,,我小孩叛逆期该怎样去教育,希望专家教我该怎样去说服小孩
3814,psy525_104842,1.16,2.1,0.145,,"儿子研一在读,口吃多年,不能自愈","想通过心理辅导改善口吃症状,提高自信心,改善现有的心理状况。"
5367,psy525_106562,1.7,1.8,0.144,,猜疑怀疑,因为不知道什么时候我心里有了一种猜疑和怀疑心里作用把自己的一份爱情葬送了。朋友渐渐离我而去.可是到现在我还没有忘记哪一个女孩子心里很烦躁我想挽回我爱情
45,psy525_10157,1.12,1.17,0.197,,"被人骗钱怎么办,目前比较迷茫,什么都不想做","感觉有点真实,又有点假,我已经分不清了,就是钱没了,人联系不到,以后什么都不想做了"
7910,psy525_109712,3.2,2.1,0.328,,骗自己有个哥哥。然后信以为真,我从初中给自己编了一个故事。告诉别人和自己我有一个哥哥。。2016年12月12日我又编。说我哥哥死了。我经常为了他哭。难过。。我有时候觉得我真的有一个哥哥。有时
1738,psy525_102278,1.16,1.1,0.146,,"你好,我是想问问我儿子的情况","我儿子有严重的心里问题,对生活失去信心,严重影响了他对事世的态度,劝他去看心里医生他又不去,我应该怎么办呢,求帮助"
1125,psy525_11349,2.8,1.3,0.123,,"怎么拯救一个好吃懒做,行尸走肉,啃老,酗酒不做,花言巧语,只要钱的男人","我有个40岁的堂哥,农村人离婚,读了初中,曾经当了几年村委主任,育有一女儿,老父亲曾是镇长,算是官二代吧,染上赌博瘾后妻离子散,欠下大量外债,失落自暴自弃,现在"
209,psy525_10342,1.11,1.8,0.132,,"您好!我感觉感情有时真的是折磨煎熬,但是还是舍不得放不下","老师您好!我在高一的时候在班上喜欢上了一个女孩,那时可能胆子太小,不敢怎么跟他交流,只在qq上说一些话,彼此了解的也很少,但是也不知道怎么了满脑子里都是她,想什"
6881,psy525_108587,1.13,1.17,0.188,,"我自卑不敢与人对视,喜欢说话却不敢说,每天压抑封闭","我想变正常,不想再看见人就故意不去看或者对视就闪开,"
257,psy525_10392,3.4,1.3,0.123,,少女想去东莞工作我该如何劝,朋友女。父母是退伍军人关系不和睦。经常挨打!曾有被妈妈刀架在脖子上一同赴死的经历!虚荣心严重到我感觉像是臆想症和有钱的人约会被************伤害约到没
6139,psy525_107595,1.16,1.17,0.131,,怎样教孩子正当维权,"我儿子的苹果手机坏了,拿去喊师傅修,师傅说是主板芯片坏了,花了430元修,结果修好只用了14天就又坏了,又去问师傅他说有是另外的问题了,他修不起了。"
6846,psy525_108539,1.2,1.2,0.137,,"感觉自己有好多问题,没法一句话概括","平时一人独处时喜欢到处胡思乱想,最近也是一直失眠睡不好,现在上班也没法集中精神,同事都说我又时会说些莫名其妙的话,但我并不知道哪些话是莫名其妙的,处了一个异地的"
1062,psy525_11276,3.4,2.1,0.201,,该不该和这样的男朋友走下去,"我和男朋友在2008年相识,相处一年后,他就去广州了,我们一直都在联系,而且我还去过他家两次。在11年8月份的时候,他打电话告诉我,他家里不同意我跟他在一起,和"
7680,psy525_109463,3.4,2.1,0.282,,能不能毒死,"早上好,请问四十片感冒??胶囊加上六十片精神科抑郁症药片,能不能毒死我,带我离开世上?因为我有病没人理解我,没有依靠,没有关爱,最近还逼我见面,介绍了那癞蛤蟆,"
1545,psy525_101984,2.1,2.1,0.131,,绝望的人生无可恋,"因为从小父母把孩子一个人放在家里就知道给钱或者给吃的,后来父母离异,就变得更是厌世了这种情况下能不能改变他的思想和心态?"
5735,psy525_106991,2.4,1.17,0.149,,不通过受虐无法爱上一个人怎么办,我发现我无法接受对我好的人喜欢对象虐待我的精神肉体来才能感觉快感(不是性爱中的)对象压制我和我争吵我都感觉快乐甚至会激怒他得到快乐还幻想他出轨我会开心有时候潜意
7526,psy525_109296,1.7,1.7,0.346,,心里很难受,"心里很压抑,总是会做一些后悔的事,说一些后悔的话,心里很痛苦,很压抑,特别难受,压力很大"
1242,psy525_11478,1.8,1.8,0.276,,关于人际关系,"怎么才能搞好人际关系呢?我快开学了,心里可纠结。想开学是因为学校里还有相熟的人,不想开学是因为要分班分寝室,我可烦这样,又要和别人磨合。我们寝室之前可好,可以随"
5280,psy525_106467,1.3,1.3,0.749,,我家先生把我微信拉黑了,"结婚两年,吵闹常有,这次我们闹矛盾,他居然把我拉黑了。对我一顿大骂,要离婚。然后把我拉黑了,真的很伤心他的绝情。"
144,psy525_10261,1.7,1.7,0.130,,和朋友相处的问题急!,"老师您好,最近一直情绪都很低落,出去散心也得不到缓解。以前一直觉得自己很独立,虽然身边朋友很多,关系也都不错,但是从来没有过去真心对一个朋友好,后来,我觉得我找"
1073,psy525_11288,1.11,1.17,0.135,,感情问题拿不准,"原来喜欢一个女孩,但是这个女孩花心,分分合合两年,她一直找别的人,而且很讨厌我,最近她又找我了,我该怎么办,主要问题是我想明白她的意图,而且为什么我一直放不下,"
1076,psy525_11291,1.7,1.7,0.146,,"不想结婚,不想处对象,任何人都不喜欢","不想结婚,处的对象总是能挑出毛病,受不了亲密动作,两个人在一起觉的很焦虑,对婚姻没有信心"
3715,psy525_104721,1.3,1.3,0.449,,未婚妻闹退婚,"我想挽回她,可她态度很坚决。因为这事她和她家人也吵架。真的不明原因。"
1725,psy525_102257,1.1,2.1,0.143,,求助啊啊啊,"我姐姐总是被她妈妈因为一点小事就责怪,天天在家,然后她就经常在房间里不出来,我该怎么办啊才能让她心理好受点求助专业的来。"
5323,psy525_106515,2.9,1.17,0.136,,狂躁症做多少次电休克才好,"他做了三次电休克,没有明显的好转,现在在医院隔离室病房,有个精神病女的还经常在他门口要死不活的看他,他自己做了治疗好点了,可是别人那些人一找他抽烟,瞬间就打回原"
8072,psy525_109892,2.2,2.2,0.281,,想要改掉自己懒惰而又懦弱的性格,"我很不喜欢自己的性格,一直胆小懦弱,一遇到不好的事就心跳加快,不敢去面对。而且我还有些懒惰,很多事情不愿意去做,我也知道这些毛病不好想改,可这么多年,还是在原地"
5387,psy525_106586,2.9,2.1,0.146,,怎么消除家庭关系的影响?,"我的家庭,父亲给我感觉就是不像个男人,而且说话做事和平常人不太一样,没有指导教育过我,我妈经常骂他,他也不说话,而且我也很怕我妈,我慢慢感觉到我也很像我爸,有时"
1801,psy525_102394,2.1,2.1,0.532,,不知道自己有没有病,"感觉有时正常有时不正常,也许就是多想,但实在受不了了太痛苦了,想死又不敢死,希望一个人安安静静又很痛苦,想要关心和爱但得到了后又感觉异常恐惧害怕很多很多,感觉自"
8215,psy525_110051,1.7,1.3,0.125,,",要不要复合啊好烦躁啊","最近女朋友分手了,我想复合,又不想复合"
8069,psy525_109889,1.3,2.2,0.134,,特别在乎别人的看法,我很在乎别人的看法怕这么做别人会觉得我怎么怎么样的总感觉别人对我有意见感觉一直没为自己活过连父母都一样我好想好想改变自己啊!求老师帮帮我!谢谢!
6253,psy525_107751,2.8,1.17,0.146,,"什么都不要,手机不能不要","孩子在手机上赌博,拿大头利,现在家人想挽回他,让他说出所有事,他死活不肯开口,什么都不要可以,手机不能放,现在我们是一点办法都没有"
3022,psy525_103923,1.12,1.17,0.296,,"不想上学,难过","近期特别烦心,啥也提不起兴趣来,感觉周围没有人关心,体谅我。心灰意冷"
139,psy525_10255,1.8,1.8,0.135,,感情问题需要您给予辅导,"我相处一年多的男友,他在事情上斤斤计较的人,从来都是我在经济上付出,因为我给他太多机会去改变,可是都没有,我提出分手他又不愿意,是不是我在处理感情问题有不果断的"
4504,psy525_105620,1.1,2.1,0.133,,"想有一个家的我,遇到一段不明将来的爱情该怎么办","女友大学毕业实习,在一起六年了,关系时好时坏,总在这段感情里挣扎,想放手却放不下,试着分过手,结果却不知不觉间又和好如初。我不知道这段感情该怎么办?我想安心成个"
4089,psy525_105172,2.8,1.1,0.136,,孩子网瘾不上学,"十四岁男孩,在家玩网游不上学,脾气易冲动,骂父母,不和别人沟通,不出门,怎么帮助孩子走出困境,"
2009,psy525_102677,1.2,1.2,0.256,,你到底怎么想的,"我之前有过孩子,因为太受伤,所以离开他从新找了一个,他是同事的儿子,同事知道我的事情,他儿子和我在一起不让我告诉他们,一直说时间没到,然后他的前女友伤害他把所有"
2072,psy525_102758,1.13,1.17,0.227,,很闹心想很多,"每天好像都为了一点小事会不高兴。多小的事都会让自己闹心,别人一句话一个表情只要让自己不舒服就会想很久,总爱想以前的事情。总觉得这个世界太虚伪了,可是自己又逃脱不"
1307,psy525_11548,1.2,1.2,0.136,,"我女儿24岁了,有同性恋倾向我还咋办?","我孩子从小男孩打扮,她昨天跟我说一个跟严肃的问题。她就是喜欢女孩,她本身也是女孩,她也很苦恼,我还如何跟她沟通。"
456,psy525_10606,3.1,1.8,0.138,,女友和我分手,"十天前女友跟我分手那天早晨我俩还在视频后来因为点小事拌嘴然后她提出了分手当时我还犟嘴后来她说自己累了看不见我俩的未来。我也解释好多也不管用,第二天她割腕了因为家"
3076,psy525_103983,3.5,2.1,0.147,,分手后不愿放手,"明明两个人已经结束了却仍然不愿放手、甚至不惜代价的想要和好,无法静下心来,感觉心理有点畸形,会想怎么去'报复'他什么的总是弄他生气然后自己就笑的很开心可是一点都"
7217,psy525_108961,1.11,1.3,0.134,,我该怎么办,"感情受到伤害,明知道不可能了,又放不下他,心里很痛苦,我该怎么办"
7253,psy525_108998,1.7,1.7,0.132,,"心里烦躁,自己都不知道自己怎么想的,心里很想去上课,但每次到学校就返回了,家长不理解我,我比较缺乏得",知道自己该怎么办是什么状况
6325,psy525_107855,2.7,2.7,0.307,,控制不住自己去女生宿舍偷她们的内衣内裤,怎样才能控制住自己不去偷这些东西
1268,psy525_11507,1.13,1.17,0.231,,心里感觉自卑怎么办,我是一个活泼开朗的男孩就是很多人说我丑的时候我感觉我自己都快崩溃了请问怎样才可以不让我自卑
3962,psy525_105024,2.7,1.1,0.119,,望各位老师指教,"本人现读初中。我是女生,我的同桌也是女生。但是她每天都会时不时调戏我,比如摸我的大腿和手背,还会不停地说“我爱你”,,平时还抱我。但我最近一看到她跟别的女生也在"
4691,psy525_105829,2.6,2.2,0.126,,"我是一个男生,有时候想结婚成家,但有很多时候又特别关注,别的男生,身材好,长的帅,总觉得自己身上都","我是一个男生,有时候想结婚成家,但有很多时候又特别关注,别的男生,身材好,长的帅,总觉得自己身上都是缺点,又矮又又胖,老是去看帅哥,我都怀疑自己是不是同性恋,或"
5426,psy525_106629,1.6,1.17,0.144,,因为自卑感到焦虑失眠,"本人感觉自己情商很低,不太会说话,遇到事情很不会处理,表面性格也很软弱,但内心性格又很强,有时候遇到被人欺负总想要别人来帮助自己,但现在又有谁会多管闲事呢,感觉"
6941,psy525_108655,1.1,1.1,0.391,,"学霸问我借资料,我不乐意也不想让对方不好想该怎么办?","初三了。今天来到教室后,我不知道是炫耀还是分享就把今天自己买的一本59的中考总复习拿出来对我的同桌说“铛铛铛”(语气词),对方很是惊喜的哇的一声,拿过我的资料仔"
7891,psy525_109692,2.1,2.1,0.618,,担心失恋导致抑郁复发,"爱上了一个有女朋友的人,爱得特别深。等了几个月让他分手,没分掉。期间我们相处特别好感情很深,最终因为没分掉我和他断了。我接受不了非常舍不得因为真的特别爱。失恋过"
7630,psy525_109409,1.1,1.1,0.126,,无法跟任何人住在一起,"自从大学毕业后,逐渐无法跟任何一个人(包括父母)长期生活在一个空间下,只要想到有人跟我或者实际存在于一个空间下,就会精神不振,容易暴怒,睡眠质量不好,干什么事情"
7976,psy525_109786,1.7,1.2,0.144,,结婚一年半太累了,我现在的老婆像个孩子.不能控制自己的情绪.老发脾气.不顾及别人的感受.我太累了
4638,psy525_105772,1.2,1.2,0.142,,精神衰弱家庭问题等等之类,"家庭沟通不了,导致个人性格不开朗,睡眠也不好"
3419,psy525_104379,1.9,2.2,0.119,,你好老师我今年44岁了没有结婚我为什么喜欢看女人的特殊部位我是不是真的变态啊,"我现在很迷茫,就连我最关心的我哥们的姐姐也非常讨厌我我怎么才能走出迷茫啊"
6771,psy525_108445,1.13,1.8,0.193,,突然感觉特别孤独,"您好~我总是特别敏感,很在意别人的感受和想法,我最近还突然感觉和我玩的好的最近都和我渐渐疏远了,我总是把他们的行为和语言看得特别重要。我脑子里经常回放他们的行为"
6165,psy525_107634,2.4,1.17,0.116,,待业在家没有方向过往经历阴影思维混乱,"职业规划,轻松治疗,整理思路"
4056,psy525_105129,2.8,1.2,0.163,,明确自己的心,"最近有一个追求自己的男生,各方面都对我很好,很难举例,因为太多了,在我心情不好的时候,他愿意放弃自己的上班时间,也要陪伴我,自己晕车晕的很严重,也还愿意陪我坐一"
4730,psy525_105876,2.9,2.1,0.115,,"自己不爱惜自己,自己不懂得休息,没有人去怜惜你!请老师指导下!","今天一天都在鼓捣电脑。不知道是不是上瘾了,一坐就是半天。搞的我身心疲惫,而且身体有点异常:说话语调都不稳定了!(今天有亲戚来了,正好有点不舒服,而且我辞职了。我"
6050,psy525_107470,2.2,2.1,0.402,,神经衰弱让我无比痛苦,"老师您好,我在前年4月份晚上突然出现心悸,濒死感,去医院看了医生说是惊恐障碍,由于舍不得花钱和害怕副作用没有拿昂贵的药,后来想靠自己挺过来,这一年多,基本上焦虑"
8107,psy525_109932,2.7,1.17,0.138,,"缺乏信心,容易幻想,越到应该坚持的时候却放松下来,控制不住自己的欲望,不能坚持",希望能有心理咨询师帮忙分析一下或者提供一下建议
7828,psy525_109624,2.7,1.17,0.140,,"性格懦弱,胆小,心理承受力差,容易反复纠结一件事儿","昨天在路上被一个开车注意安全人骂了脏话,明明是他不遵守规则,却大骂我一顿,当时就蒙了,之后觉得自己又笨又傻,无辜被骂,反复纠结这件事儿,影响心情觉得自己很卑微。"
56,psy525_10169,1.3,1.3,0.358,,"女朋友和我分手了,她接受了另一个男生,但她只想和我做爱","在年底吵架越来越多,一个以前对她很好也在追她的男人,她接受了"
5370,psy525_106565,2.8,1.8,0.146,,没有安全感,"跟男友在一起一个多月了,我平时都很依赖他,这段时间因为家里有事他就回去了,我感觉我看不到他就焦躁不安,但都不想吃,没有心思去做任何事情,而且也不怎么跟我聊天,我"
514,psy525_10667,2.9,2.9,0.148,,"我有精神分裂思维障碍,阴性也严重,适应不了人群生活","到人群或与人相处非常紧张难受,请问该怎么办?"
5229,psy525_106411,1.12,1.17,0.281,,不管什么事喜欢闷在心里,最近听见什么事都不感兴趣
2363,psy525_103135,2.7,2.7,0.164,,"心里想的很复杂,很可怕","前天我在写英语笔记本,心里想你写的笔记都是错的,我紧张了,我该怎么办,最后我检查了一遍,但心里又想你检查的时候拿笔,你改的几个,还是都改错了,我又紧张了,其实一"
8150,psy525_109978,1.13,1.17,0.127,,没自信孤僻症自卑,没自信孤僻自卑我考虑考虑
6559,psy525_108161,1.8,1.8,0.352,,感觉快分手我跟好朋友的聊天有关他被他看到了因为他对我不够爱他说见面有事说是确定分开了吗,想知道他的心理他是否想放弃了
4158,psy525_105246,2.7,1.17,0.188,,讨厌现在的生活,"为什么别人觉得开心的事,我就完全没兴趣呢,我讨厌自己现在的生活。即便我强迫自己努力接受生活,可是我真的感觉不到开心。未来不知道会飘向何方。"
7356,psy525_109112,2.5,2.1,0.128,,对电脑幅射恐慌,"对手机,电脑幅射恐慌焦虑!"
6915,psy525_108626,1.2,1.8,0.136,,"喜欢一个女孩,正在追,发现有情敌,心里很没安全感,又不能向她倾诉,很苦恼","正在上大一,高中三年喜欢一个女生,表白过多次被婉拒。最近现在又在追了,但我们大学不在一块。每天给她发信息,偶尔送点小礼物,帮她折腾折腾电脑什么的。她平时很忙,不"
6279,psy525_107789,1.7,1.7,0.192,,不爱说话的我,"我现在心里烦躁,什么事情都想的很多,"
760,psy525_10947,1.8,1.8,0.142,,关起自己了,我小时候说话经常被我爸打断。时间久了。就不怎么说话。长大后。我爸又生病了。他不肯治疗。我操了很多心。之后我交个女朋友。她也背叛了我。现在我就是不想出去跟人说话。
8056,psy525_109875,1.15,1.17,0.217,,对性感异性幻想,"怎样消除幻想,尽量不要影响生活"
5483,psy525_106693,2.1,1.3,0.147,,"跟老公关系不好,导致精神抑郁","帮忙指出问题所在,并提出解决方法"
1759,psy525_102331,3.4,1.17,0.149,,越来越控制不住打人的行为,"和男朋友在一起半年多了,每次玩笑的小打闹最后都会被我弄得变质,打着打着就越来越兴奋控制不住下手的轻重。我也知道是不对,但是一旦开始生气就慢慢失控,请问我要怎么做"
1309,psy525_11550,1.10,2.1,0.132,,"我女儿24了有同性恋倾向我很痛苦,求你帮帮我。谢谢","我家是单亲,孩子从小男孩子打扮,现在已经24了,她说她喜欢女孩子,非常喜欢,自己也苦恼,求你帮帮我们。"
7847,psy525_109645,1.1,1.1,0.134,,性心理问题,"男,23岁。大学期间曾观看过色情书刊、视频.导致脑子里全是电影里的画面,常常静不下心来学习,严重影响生活。人也感觉到莫名的紧张。在不受外界影响下,也经常会想起。"
596,psy525_10756,1.12,1.17,0.145,,"恋足癖,高跟鞋癖治疗方法。","从小就对高跟鞋很有兴趣,总是幻想去舔去吻,特别是穿着高跟凉鞋的足,特别想亲和sj。怎样才能纠正这种行为。"
3101,psy525_104010,1.7,1.7,0.150,,觉得自己心里有问题,"我觉得自己的有的时候思维方式可能不太对。。我知道自己的问题在哪,可是就是克制不了。。我总觉得自己不合群,在陌生人面前就紧张,?自己走在路上就觉得很尴尬。别人小声"
4413,psy525_105521,1.12,1.1,0.163,,生活迷茫找不到方向,"去年前一直在杭州那边开店,后来因为家里问题去年夏天回老家城市,回来后也开店,因为房租太贵了位置没选好半年亏了20来万!年后更是做啥都不顺,越做越没信心,越茫然!"
4345,psy525_105444,1.15,1.17,0.141,,对异性厌恶,"从初中就发现,一但和异性有心理上的接触,就会对他开始厌恶,但平常不会,只有在交心后,这是心里疾病吗"
4285,psy525_105383,2.8,1.8,0.126,,我有双重人格,我以前有精神分裂通过药物和MECT后精神分裂通过自己的克制和药物好了然后觉醒了自己的第二人格一个比较冷漠是真正的冷漠有时候对家人不如陌生人我自己知道是什么原因只
263,psy525_10398,3.4,2.2,0.139,,"社交障碍,与人沟通的时候不够自然,不自在!","我今天26岁,我其实是很喜欢与人沟通的,但就是在与人沟通的时候我感觉不够放松,总是不自在,一直处于很紧张的状态,在和男生沟通的时候,我总是不好意思,像个小女孩似"
6929,psy525_108643,3.4,2.2,0.291,,脾气很暴躁经常会有伤害别人的想法,有时候很莫名其妙就感觉脑子里什么都没有就想伤害周围的人不管认不认识那个时候感觉脑子都快炸了比如教室里有一点吵或者很莫名其妙的我就想打人有时候情绪又很激动或者很低
1433,psy525_101817,1.9,2.2,0.111,,撸管十多年对身心有害吗?,"很久很久以前还不会撸管,当时是受到校园欺凌的影响,小学的时候我是超帅的,那些小男生们不敢调戏小学生,就经常没事摸我下面,后来虽然向校领导投诉后,这些事情没有了,"
7371,psy525_109127,1.1,1.1,0.283,,太敏感容易多想,"大一入学三个月,三个舍友比较亲密。我前一阶段一直忙学生会工作,学习的时候也在图书馆。但是舍友更喜欢在宿舍里,这样造成了她们现在许多话题我参与不进去。但是她们一点"
7085,psy525_108813,3.2,2.1,0.194,,"脾气暴躁,想自杀","我是一名同性恋者,我的伴侣也是一位女性,我们一闹矛盾时都是我哄着她,我们在一起有两年多了快三年了,我之前背叛过她,出过轨,让她的心理造成了阴影,以至于每次吵架都"
2240,psy525_102982,1.1,1.17,0.132,,为儿子做咨询,我儿子说他心里不舒服不愿意帮助别人也不愿意关心别人了我想请位专业的老师帮我为他做心里疏导
1302,psy525_11542,3.3,1.3,0.121,,"小孩有暴力自残现象,如何才能纠正过来","我的儿子今年12岁了,小时候跟爷爷奶奶一起可能太宠了,跟我一起也有5年了,例如1,要个东西,又不能买到就又哭又闹或生闷气,怎么问也不坑声,还未打他就倒地自已头往"
3537,psy525_104512,1.7,1.8,0.125,,爱情自卑感,"不知道为什么,难得遇到自己喜欢心动的人,可是在他面前却总显得紧张无措,说话错漏百出,显得特别笨拙。明明想得到他的认可肯定和关注,可是表现出来的却有点适得其反。也"
7837,psy525_109634,1.16,2.1,0.142,,"小孩现在才7岁就非常好强,叛逆","希望能帮忙分析目前小孩的情况的严重程度,和接下来我们该如何来引导她让她能认识到自己的问题并且慢慢改正"
4954,psy525_106117,2.2,1.3,0.196,,"遇到事情就吵架,有时候他遇到双方父母给的难题,他选择逃避","我们俩不是一个市的,两家距离有点远,一开始是双方父母不同意,因为距离太远不知根知底的,经过两年的努力,我爸妈同意了,他说他爸妈也同意了。十月一放假和他一起去看的"
1137,psy525_11361,1.1,1.1,0.343,,自慰带来的烦恼,"因为偶然的一次百度了自慰,就看到那上面说一般人都会有自慰的现象,当时就觉得很好奇,就想试一试,但不知方法不对还是怎么的,只是觉得有一点痒的感觉,当时好奇心怂恿着"
4350,psy525_105449,1.3,1.17,0.141,,我的一些问题,"老师,我小时候就是因为做什么事没做好,然后我家人的态度以及同学老师都很严肃的样子,我每次都感觉自己有种做错的很严重的意思与感觉,我每次做错了事就感觉心里很沉重,"
702,psy525_10882,3.2,3.2,0.173,,性心里变态,性心里变态想让女王阉割自己的阴茎睾丸然后看着她将它做成菜吃掉之后还想自杀请问我该怎么样救他的命死活不听劝我该怎么办?
5376,psy525_106572,1.7,1.7,0.116,,"猜疑他,不相信他,总觉得他对我不忠诚。","刚开始在一起的时候男朋友对我是特别好,半夜起来我饿了会给我煮粥,给我弄我爱吃的,反正就是各种好,后来有一次发现他微信里跟女的聊天,内容其实也没什么,我当时看到了"
1306,psy525_11547,1.2,1.2,0.328,,男同性恋能否回归家庭,"我今年30岁,大他两岁,结婚四年,可以说是被骗的,之前只觉得他害羞而不愿跟我亲近,后来可能是实在没办法,怕我知道,所以偶尔会跟我做一次,直到结婚半年后我才发现他"
6977,psy525_108702,1.15,2.1,0.145,,同性恋倾向,"高二的女儿有同性恋倾向,孩子应该接受怎么样的治疗,家长应该怎么做?"
5909,psy525_107258,1.8,1.1,0.141,,从小对性都很感兴趣,"16岁现在高中,五年级时同学给我色情网站也教会我撸管,试过连续一天一次,夏天上楼梯偷看老师裙底,见到一点点暴露的图片就忍不住去撸管。老师怎么办救救我"
5362,psy525_106557,1.7,2.1,0.140,,"临近高考,感到孤独感但情绪化,应不应该交友","我是一个很情绪化的人,以前一直都是一个人,享受孤独。但是最近忽然觉得自己很孤单,想交友,但因高考临近,我怕交友会影响到自己的情绪,想压抑住孤独感,但是不知道应不"
1641,psy525_102124,1.15,1.17,0.120,,整天都想和别的女人做爱,"每次看见美女或者穿着性感的女人都想和她做爱,心里总想找个别的女人来一次,求助,我这是怎么了?"
5562,psy525_106792,1.17,1.17,0.353,,******测试结果,我的测试结果350分每一项都是极重。我该怎么办
4921,psy525_106082,1.15,1.17,0.234,,"有别人伤害了我,我该怎莫办?请老师指导下!","天下的事情分3种:自己的事,别人的事,老天的事!我不理解第2种事情,就是别人的事情:我遭受了歧视,嘲笑!自己心里很难受。但是,也激发了我,我也去嘲笑别人,歧视别"
8329,psy525_110170,1.8,1.17,0.121,,社交心理怎么走出来,"走不出来会怎么样,一直有固定模式吗"
7119,psy525_108852,1.15,1.17,0.134,,自慰怎么改?,"我有自慰的习惯,一周三次,怎么改呢?影响我的状态。"
3947,psy525_105008,1.2,1.2,0.147,,暗恋同事半年发觉人家有女朋友了,"暗恋同事半年,发觉人家有女朋友了,原来也可以这么难过。"
6753,psy525_108415,2.4,1.1,0.206,,"你好,想问个家庭问题","你好,老师。我现在一事无成,搞的自己处境很差。不知道是什么原因。然后我觉得是不是我小时候父母教育和影响造成我的性格,然后导致今天地步的????小时候我爸跟我妈只"
981,psy525_11186,2.9,2.1,0.140,,"怀孕了,心情不好,不说话,讨厌老公家里那个人!","外地嫁到沈阳,寂寞,脾气大,心情不好!"
3204,psy525_104138,1.16,1.2,0.142,,"发贴这几天儿子还是那样白天睡晚上上网还说要去南方以后就不回来了,",问专家我能把我仅有的钱都给他吗他是不想上班
1411,psy525_101795,1.6,1.17,0.149,,长期多梦的困扰另外想找到心底真实的想法…,"很少很少有无梦的睡眠有时候梦很清晰大多数时候模糊一片;很多时候梦都跟逃命或者被追杀有关,有时候零零散散的没办法总结自我感觉自己绝大多是时候是积极健康向上正能量的"
6706,psy525_108344,1.2,1.2,0.414,,近期工作压力大,"北漂,最近北京的政策一直变,感觉没有安全感。工作压力很大,不想工作想放弃,又不知道该做些什么别的。情绪极其容易崩溃,我猜我心理可能是出现问题了。"
7190,psy525_108931,1.7,1.7,0.135,,"想帮助儿子不要焦虑,正确认识自己,看到自己优点",帮助儿子快乐健康成长
2845,psy525_103710,2.7,2.1,0.135,,自卑强迫症,"长期被自卑困扰,敏感,易情绪化,该怎么办呢"
5771,psy525_107043,1.6,1.6,0.133,,失眠三个月,"睡觉的时候一直想自己是怎么睡着的,怎么还不睡着,什么时候才能睡着,就这样,搞的自己睡不着。求帮忙啊,失眠太痛苦了,怎样才能回到之前睡觉的时候,我感觉我都不会睡觉"
7685,psy525_109468,1.9,1.9,0.160,,咨询我儿子的婚姻问题,"儿子今年30了,不想结婚,请您帮忙。"
5643,psy525_106883,1.9,1.2,0.108,,人际交往能力太差,"老公经常说我傻,不改变,都30岁的人了,没有脾气总是自己吃亏,一个字概括就是贱活该,他要是骗子把我骗死,我该怎么办?心里感觉老公开始嫌弃我了,我自己也知道自己笨"
5070,psy525_106242,3.4,2.1,0.367,,对待孩子暴力怎么办?,"我找的上门女婿,和我妈一墙之隔,我妈特别爱唠叨,什么都管着我们,包括孩子。我从天到大,我妈总是用语言打击我,就想用语言激励我,什么难听说什么,现在对待我的孩子也"
4933,psy525_106095,1.8,1.8,0.224,,执念太人的人,"一个朋友对上段感情执念太深,很久了一直走不出来,该怎样劝导?"
6043,psy525_107460,2.9,2.2,0.106,,怀疑身边的所有人,"我哥三十来岁,成天的怀疑这怀疑那的,尤其是身边的人,不论认识不认识的,他都怀疑,尤其是在外面的时候,有人多看他一眼,他就怀疑人家对他有什么目的,什么监视他,跟踪"
1785,psy525_102372,1.16,1.3,0.142,,"丈夫近两总是在家恶骂,经常还动手。脾气很大。让人心烦。","我想知道是他精神出问题了,还是有外遇了。简直让人心烦。怎样可以改变他。本来我和女儿心情很好。他一回来会让我们心情很糟,几乎每天都要吵。"
4757,psy525_105907,1.7,1.9,0.130,,有点点小被动,"我和初恋高中认识,我倒追的他吧,但他先伸的橄榄枝,没想到我就被他的橄榄枝砸晕了。他很木讷,或者说我喜欢他的程度是他的四五倍,对他那个好啊,捧上天了,这估计也导致"
6763,psy525_108433,2.7,2.7,0.182,,情绪调节心理调节,"和我玩过一年多朋友我现在觉得她说的什么话都像是在炫耀,我也不知道为什么不想听她说感觉她一说话我就想生气,不止是一个人有几个人也是她们一说话我就想生气她们都没做什"
1434,psy525_101818,1.8,1.17,0.112,,一天撸管多次会不会有危害,"以前是一天一次的,后来网上的异性朋友多了后,就变成了一天大概两三次了,极少数时候会四五次,这样会不会对身心造成什么危害?比如以后性生活有问题,或者不能让女方怀孕"
7762,psy525_109555,1.13,2.1,0.158,,为什么总感觉自己乐观不起来,"总是没有自信,自卑,乐观不起来,总是怕被嫌弃,不敢去见想见的人,无法坚持做一件事情。总感觉自己不够优秀"
4592,psy525_105718,1.14,1.17,0.140,,心情总是不好,"最近因身体原因,心情总是不好,想抛开一切。怎么能够让我心情愉快起来。"
4976,psy525_106141,1.7,1.2,0.141,,"婚前焦虑,莫名的觉得对方做的什么都不是自己想要的,想跑。","莫名的觉得对方做的什么都不是自己想要的,想跑。"
2165,psy525_102890,1.17,1.1,0.243,,我孩子是高三复读生、他感到自己的状态有时好、受到点挫折状态又不好了。,希望怎么能调整他的心态
3209,psy525_104143,3.3,1.1,0.130,,我是怎么了,"为什么我每次没有喝酒之前是正常的,喝完就以后就像另外一个人?(以前从来没有这样过,从去年打掉过两个宝宝以后,)有自残的情况,有一次差一点把自己掐死"
6336,psy525_107866,2.9,1.6,0.144,,"这几个月一直睡不好觉,这十几天每天晚上失眠","你好,我这几个月一直睡不好觉,这十几天每晚都失眠,在阜阳市医院看了两次没什么效果,在合肥一家精神病医院看一次拿了点药吃了效果还可以,这十多天又失眠睡不着了,在阜"
1587,psy525_102045,1.6,1.6,0.149,,现在很难过,最近发挥总是失常自己对自己很不满意感觉有实力缺发挥不出来精神上紧绷还老是失眠自己对自己超级不满意老师我该怎么调节自己的心态我很想让自己的真实水平都发挥出来
6234,psy525_107724,1.13,2.1,0.149,,不清楚怎么样才能让自己不胡思乱想,我想说的话很多但是却没有地方能够表达没有目标自卑自责我真的不想放弃我自己
5102,psy525_106275,2.1,2.1,0.495,,"闪婚两年,和老公无共同语言,无数次想离婚,可有宝宝了舍不得,煎熬无比,不知该怎么办?","我是个性格活泼开朗,幽默搞笑的女孩,大学毕业后异地跟男友被迫分手,之后处过几个男朋友,都觉得不满意,后边遇到现在老公,他是典型工科男,沉闷古板,毫无幽默感,脑子"
5730,psy525_106986,1.13,1.17,0.232,,爱是什么心又是什么,我觉得我没有爱对任何人任何事都冷淡对待我有幻想症自卑症
2513,psy525_103316,1.15,1.2,0.111,,回避异性亲密关系,"感觉自身很回避异性亲密关系的建立,即使有欣赏喜欢的异性,在没有建立亲密关系之前就开始回避。自身很矛盾,一方面渴望和对方更进一步,又时刻保持着距离。"
915,psy525_11115,3.5,3.5,0.132,,怎么样才能放下仇恨,"你好这件事情已经发生在三年前了。三年前的一天我去邻村的一个篮球场打篮球,有一个人投球的时候不小心投到了我的脸上,那天我心情也不好,又拿球朝他砸了过去,并且骂了他"
8071,psy525_109891,1.3,1.3,0.452,,感情问题求解答,"目前的状况就是离婚半年一直放不下老公,心里一直有他,离开他觉得我做什么事都没有意义,觉得自己心里有病,脑子里全是老公的影子,请问这是忧郁症吗?"
8200,psy525_110035,2.3,2.7,0.147,,17岁男问题随在求大神解答,问题所在夏天不洗澡!偶尔洗澡要几个小时!老是在身上搓汗泥积累起来玩晚上不睡觉早饭不吃上厕所几个小时裤子脱上脱下反复动作多!说话很小声什么原因呢求大神权威专家解答
4030,psy525_105102,2.6,2.2,0.129,,心伤难愈的我,"我有一段伤心的小学经历,这6年里,我几乎天天被人嘲笑,他们说我胖,丑,还破了相。最难受的时候曾经想从高楼跳下。上中学了,没有人嘲笑我了,可我还是敏感,自卑,在意"
547,psy525_10704,3.2,1.3,0.306,,"我被老公的表哥一家打了,我老公不管,他回家了我和宝宝在娘家也等不来他,不是一次了。我想自杀解脱","我和老公经人介绍认识,因为都想找个人结婚,我们相处后觉得还不错就结婚了,现在有个一岁多的儿子。老公家有一个姐姐,我是结完婚才知道他父母多么偏疼他姐姐。他姐出嫁了"
5575,psy525_106806,1.2,1.2,0.301,,婚姻的生活没灵魂,"夫妻双方没有共同的沟通语言,坐在一起沟通的时间都没有,他什么时候都握个手机不放。我说一些问题也不回答也不反驳,冲他发脾气会直接走丢。不知道这样的婚姻还该继续不"
1075,psy525_11290,1.6,2.1,0.149,,家里人觉得我有心事可我觉得我没有,"最近半年一直睡不好觉有时还会经常性失眠,一到晚上心里胸口就堵的慌,家里人都说我想事情有心事压力大,可我觉得我没有。"
4947,psy525_106110,3.5,1.17,0.137,,我爸坏我我现在感觉和难受,老师你好我爸心情不好的时候跟我说话就明着是正常说话实则发泄自己的不满前几天我惹我爸生气了今天我爸跟我说外面人愿意怎么骂就怎么骂跟你没关系外面人说打你就让他打你不
386,psy525_10528,1.6,2.1,0.144,,我老公最近老失眠,"我老公这几天每晚睡两三个小时,他说他自己也控制不了,总说自己因为生了一场病后大彻大悟了,想的更开了,脱胎换骨了,想了很多以前自己做的事,现在很放松,他以前话不是"
2947,psy525_103828,3.2,2.1,0.458,,我是不是点抑郁症,"自己喜欢阴暗的角落,平时也不怎么出门,因为怕碰见熟悉而又陌生的人,见到这种人心里就有一种紧张,害怕,焦虑的感觉...因为自身有缺陷,所以一直很自卑,好想自杀但是"
985,psy525_11190,1.7,1.17,0.150,,"我老是喜欢揪着一件小事不放,心里特别难受烦躁","我总是会因为一件小事而过不去,老是揪着这个问题不放,就希望这个问题按照我的意愿马上得到解决,如果没有得到解决我就会一直去想,然后越想越烦躁……我是不是得了什么心"
8175,psy525_110009,1.1,1.17,0.166,,"以前迷上网游,现在不玩了。现在感觉不真实,好想梦中一样。好想摆拖这中状况。严重影响到我的学习。","帮我走出困绕,找到真实的自我。"
7180,psy525_108920,2.2,2.2,0.139,,不知道自己是否喜欢男友,"和男友网络认识,觉得挺有感觉,后来确认关系了,谈了两年才见面。期间他不肯发照片,也不愿视频,可能本身就自卑吧。我自认为条件不错,外貌中上,身高172,正常身材,"
2002,psy525_102667,1.3,1.3,0.579,,郁闷聊天惹得祸,我担心他老婆真跟他离婚.我不希望他离婚
8277,psy525_110114,1.2,1.2,0.500,,"为工作太较真,但是说话太直,不会占队和取悦老板娘","之前进工厂干品质工作,后面转行干文职,采购,跟单,行政都干过,现在又到工厂干回品质了,每次都觉得干品质很烦,烦的是为了客户退货在客户和自己厂里的部门之间争吵,今"
5631,psy525_106869,1.3,2.1,0.128,,生活过得很痛苦,"被喜欢的女生冷漠对待,内心很痛苦,父母希望我学的很好,做第一,拿国家一等奖学金,很痛苦,我很喜欢画漫画,但现实却又不允许,现实很窘迫,自己却无能为力,什么都做不"
1734,psy525_102272,1.15,1.17,0.130,,人格尊严对于人的重要性?,"我在9岁到13岁的4年时间里,因为被老师提问到讲坛上写单词,不会写,英语老师就用棍子打头,就这样,打了4年,身心受到极大伤害。"
2449,psy525_103238,1.8,2.1,0.146,,"家长都是希望给孩子最好的条件,但是确实陪伴孩子少,孩子缺乏关爱,非常敏感,极力讨好别人关","家长都是希望给孩子最好的条件,但是确实陪伴孩子少,孩子缺乏关爱,非常敏感,极力讨好别人关注他,人际关系处理不好了。恶性循环,打击越来越大"
476,psy525_10627,1.9,2.2,0.144,,和男友提出分手后我不知道是胸口很痛还是胃疼。总是不舒服,"我们在一起四年了。我大他九岁。还有个孩子在上高中了。因为年龄相差太大。而且感觉他不爱我。所以提出来分手,他搬走之后见过两次面。后来我就一再胃疼胸口疼。不知道为什"
5393,psy525_106592,1.3,1.3,0.149,,"女儿23岁交往的男朋友,自负,自大怎么办","我女儿找的对象我不满意,不想让他们谈怎么办,多次给女儿交流可是她像中邪一样不听反而对男孩百般照顾,对父母不敬,很伤心怎么办啊"
6671,psy525_108298,2.7,2.7,0.126,,不知道我是怎么了,"也说不清是不是喜欢我前面的那个男生,上次宿舍的人说我有喜欢的人了,我脸红了,她们说他,我也不承认,但她们说我脸都红了,我其实也不知道,但就算喜欢,我也不想让她们"
7995,psy525_109805,1.3,1.9,0.135,,"内心纠结,注意力不集中","跟前妻离婚一年,交了几个女朋友。想前妻还是很多。总拿现女友,和前妻比,我知道这样不对。分手了,对现女友不公平,也不能过一辈子。老师怎么能忘记"
4826,psy525_105983,1.7,1.17,0.253,,莫名其妙紧张,"不知道为什么,一到高端的地方就莫名的紧张,比如高端酒店,装修豪华的饭店,时尚理发店等等,一到这些看起来高大上的地方感觉拘束,放不开,怎么办?"
1115,psy525_11339,2.1,2.1,0.213,,"女儿太恋母,太恋家","女儿现有7岁8个月了,但从小对母亲太过依恋,听到母亲要晚些到家都会多次打电话催促,一定要询问几点到家,如果到点不到家就开始闹;如果听到母亲要出差的话都会大哭大闹"
1992,psy525_102654,1.3,1.3,0.318,,我不知道我男朋友到底爱不爱我。,"我们每次吵架都是我先道歉,他特别喜欢跟别的女的聊天,我上班晕倒被送到医院,给他电话让他来看我,他说单位不给请假,我大姨妈来肚子疼让他给我揉揉肚子,到杯热水他宁愿"
140,psy525_10256,1.4,2.1,0.128,,"总感觉没有朋友,是我要求太高还是我真的没有朋友?","我平时也不喜欢喝酒打牌,所以感觉没有朋友,比如过年吧,主动联系我的人不多,要是大家一起聚会了,也会通知我,真心的朋友也有,难道是我内心里好强的心理在作怪?很矛盾"
6463,psy525_108036,1.7,1.8,0.128,,我问女朋友想我吗?她每次就嗯一声,我每次问她想不想我她就嗯一声然后就去做别的事了我跟她说我想她了她也就嗯一声就没了我不敢问她我为什么这样因为我要是问了她又会说我不信任她什么的我感觉她对我忽冷忽热
1028,psy525_11237,1.1,1.1,0.219,,爱情受到阻碍!,"我大学还没有毕业,我女朋友高中毕业就出去工作了,我家庭劝说我分手,我决定要坚持下去,但是我女朋友压力很大,因为我们俩被她的弟弟看到了,她小学的弟弟把事情全都说了"
5623,psy525_106861,1.7,1.8,0.135,,"不知道怎么与人交流,人际关系处理不好。","人际关系紧张,找不到与人交流的话题,有时很自卑觉得什么都比不上别人,不懂拒绝,觉得很多人都争对自己。"
4077,psy525_105160,3.5,2.1,0.114,,我被心理医生强制催眠不让醒的事,"现在的我已经饱受两年的精神和心理上的折磨,每天都被别人特意请来的心理医生折磨着,与我不见面的沟通,我能听到的声音很清楚,我想的他们都清楚,总是要不停的让我不能想"
5349,psy525_106542,3.4,1.8,0.140,,我最讨厌的人,"她是我高中同学,脾气特别不好。我只要犯点小错,她就大发雷霆。她后来联系我,先是骗我借银行帐户,没有办成,她就反复说一些特别难听特别伤人的话,把我气得病发,她倒说"
1986,psy525_102646,1.7,1.3,0.143,,"很多事让我不信任婚后的老公,现在快崩溃了","发现老公手机里加过很多妓女,也偷着出去过,就是死活不承认不改,这样的话,我就经常查他手机,他就说我不信任他,不想过了,其实我也很累,请问咨询师,怎么才能解决我们"
7164,psy525_108902,2.8,1.17,0.133,,"我失眠多年,服用多种药物,效果不理想,想用催眠治疗","我失眠多年,服用多种药物,效果不理想,想用催眠治疗"
2750,psy525_103586,1.17,1.17,0.340,,我心里浮躁,"心情莫名其妙会发火看到孩子就想责骂,思想消极。"
1258,psy525_11496,1.3,1.3,0.640,,"父母吵架闹离婚,我心情不好,不知道该怎么劝好他们","我13岁,父母半夜吵架,因为爸爸情人节夜不归宿,去应酬,妈妈生气,爸爸也很倔,我装睡着,装做什么也不知道,现在妈妈不回家了,我该怎么办,才能让父母和好啊?"
5944,psy525_107308,2.5,1.17,0.122,,心里很痛苦,"总是说一些后悔的话,做一些后悔的事,心里特别恐慌,特别压抑,压力很大"
7836,psy525_109633,2.8,1.9,0.410,,老公出轨我接受不了,"我老公出轨了,我们之前感情很好,我特别依赖他,发现他出轨,和我说了实话我第一时间发疯的闹,过去两个月了,老公现在对我无微不至的好,可我就是想不开,总想问他们到底"
2671,psy525_103497,2.2,2.2,0.392,,"焦虑不安,紧张头疼","2次咨询1好评公开提问最近一直在忙模拟法庭和考研学校的选择,然后就是昨天从一个学姐那买了资料,但觉得有点不值,然后就开始揪心,半夜浑身是汗醒过来。这种情况每隔半"
2716,psy525_103547,1.7,1.17,0.291,,"紧张,发急,控制不了自己的情绪","做事老是紧张,想把事情做好,心里难受,觉得自己没用"
5440,psy525_106646,1.8,1.17,0.241,,排斥和不熟悉的人社交,"感觉自己身边的人和事都乱糟糟的,不想和别人交流。有时候也想自己出去走走但是一出去就后悔了,所以就在晚上想象着自己已经出去了。"
7337,psy525_109092,2.8,1.2,0.204,,请你们帮帮我,上初三的儿子叛逆网瘾脾气暴躁
2934,psy525_103811,1.9,1.9,0.215,,我要咨询一下,"你好老师,我就有一回到离我住的地方有一点远,在我住的城市,你说就从我认为的建设路北就没状态,南就有,完了在北住的人就不能和他们搞对象,南才行,但是现在搞对象的人"
8156,psy525_109984,1.7,1.3,0.149,,"远嫁,让我感到非常的心累","我该怎么办,放手吗?请老师帮忙"
1227,psy525_11463,1.16,1.2,0.302,,"我儿子20岁在外面借了好多钱,还和我们说谎,我们该怎么办","我儿子在交警队上班,他在单位住的多,两年时间在外面借了好多钱,还有高利,我们知道了有高利被他爸打了一顿,敢走了,后来听别人说还有好多外债,找回来之后还不说实话,"
328,psy525_10469,1.17,2.2,0.120,,"岳母不在家,岳父就血压升高","岳母不在家,岳父就血压升高,给孩子打电话求救,甚至称自己不行了,情况发生的已有许多次,搞得孩子们都无法正常生活,赶到现场又没有任何症状!多次去医院也无明显症状!"
838,psy525_11032,2.4,1.9,0.178,,被不喜欢的相亲对象表白怎么办,"本人23岁,过年前10天被异地恋2年的前男友以我不是个合适的结婚对象理由分手,伤心欲绝了2个星期后,好朋友看不过眼给我介绍了一个各方面条件都还不错的男生。和前男"
2961,psy525_103842,1.7,1.7,0.139,,孩子上学的事,"我儿子上初中一了,在这个学校感觉有压力,非要转学,我该怎么办?"
7667,psy525_109448,2.8,1.1,0.131,,"所以希望你们能够帮我让他认清他比我没用的事实,只有这样他才会真正给我自由不会再严格管我。","我父亲一个月赚的钱不到一千而且工资都几乎都花在他抽烟和赌博上面,我和弟弟的学费,生活费全靠爷爷和后妈提供。我觉得他比我没用为何还要管我?他长期侮辱我是狗是屎而且"
1727,psy525_102260,1.16,2.1,0.140,,"一个17岁读高三的女儿,最近这几天总是疑神疑鬼,做出一些奇奇怪怪的举动","一个17岁读高三的女儿,最近这几天总是疑神疑鬼,做出一些奇奇怪怪的举动,说着奇奇怪怪的话,她姐姐吼完她或者和她聊完天就能正常一会,然后她姐姐一下没看住又开始疑神"
3972,psy525_105037,1.7,2.1,0.130,,"男方癌症转移,还网上找女友怀孕打证。是死亡焦虑吗?","我与男方八年了,没证,有一个女儿七岁。八年来男方一直在网上找,八年不付抚养费。我们分居两地。去年,男方肺癌手术后,我毎月供他三千元营养素吃。他向新女友隐瞒癌症,"
657,psy525_10822,2.8,1.3,0.263,,离婚但我后悔了,"离婚????但我后悔了**********:17青音微社区部落您好,去年12月份离婚,主要原因他赌博欠下上百万外债,可家里人劝说只要他改正还可以继续。结婚7年,"
2931,psy525_103807,1.15,1.17,0.256,,有点感觉自己异性癖,我想确定下自己是不是有异性癖
4817,psy525_105974,1.3,1.2,0.130,,"多年来反常表现,我得了性格缺陷心理疾病,我的家人也如此,现在对未来失去信心","希望得到老师的指点,得了这种病需要注意什么,如何缓解"
4985,psy525_106150,3.4,1.3,0.246,,"生气时有暴力倾向,性格不稳定,抑郁症","和恋人吵架时,摔东西,说话大声,像个泼妇。不喜欢外出"
2734,psy525_103565,1.16,1.3,0.124,,孩子叛逆不回家,"我儿子初一!现在不愿上学,还不回家!他爸脾气不好!孩子开始在说说了,恨我们!嫌弃我们!他爸打他,我唠叨他!现在不愿意回家!"
8166,psy525_110000,2.7,1.17,0.222,,有针对儿童强迫症的心理咨询吗?,有针对儿童强迫症的心理咨询吗?
8088,psy525_109912,2.5,2.5,0.139,,心理压力很大,"总是会说一些后悔的话,做一些后悔的事,心里很痛苦,很压抑,很恐慌,特别难受,很痛苦"
6347,psy525_107880,2.7,2.1,0.132,,"儿子四岁,不爱和人交流,语言能力弱,","儿子小班,不爱交流,喜欢独自一人,行为比较刻板,每天要做固定的几件事情,顺序不会乱也不会遗漏。最爱绿色蓝色,画画不听指令就要画绿色蓝色,对数字很敏感喜爱,会重复"
1401,psy525_101785,1.7,1.8,0.137,,"男朋友在外面有女人,现在他都不愿意管我,跟我在一起没有一句话,而且动不动就说我让他在外面这样的","不管他怎么伤害我,我却离不开他,而因为他的一次对不起我,现在我总是不相信他,就算得到证实还是相信不了他,可又因为爱他,放不下,而选泽继续呆在一起,好累,不想这样"
5397,psy525_106599,1.9,1.2,0.132,,"一个成熟又特别有爱男友,对我特别好,几番帮助我,而我总因为自身原因让他伤心失望,自己又老是心口不一,","相识八个月,每天都有信息,都是他主动,帮助我支持我,甚至一遍遍地为我收拾烂摊子,今天本来打算一起去做昨天商量好的事儿,因为我起床晚了,手机因为没充电一直关机,1"
1460,psy525_101858,3.3,1.17,0.122,,"歇斯底里的吼叫,大哭,打人砸东西是心理疾病吗?","易怒,不顺心时,被人欺骗时,或者被冤枉受委屈时。会歇斯底里的吼叫,大哭不止,会骂人动手打人,砸东西,会自残,常多疑,胡思乱想,平时遇事多联想,爱哭,自己情绪和举"
8123,psy525_109951,1.14,1.17,0.140,,"恋母情结,幻想妈妈","想改变自己,天天幻想手淫伤身体"
5827,psy525_107132,2.8,1.1,0.215,,"亲子关系,青春期","12岁男孩,预初,青春期逆反,厌学,迟到,网瘾,不尊重家人,和家人沟通交流极差,嘴上经常挂着烦死了,和你们说也说不通。希望找到根源,改善亲子关系,让他好好学习,"
5801,psy525_107096,1.16,2.1,0.140,,"女儿在学校不听管教,任何老师要这样她却非要那样","女儿在学校不听管教,主要问题:任何老师要这样她却非要那样"
399,psy525_10545,1.1,1.1,0.128,,"我总是胡思乱想,把别人想的很坏,很难去信任别人怎么办","1.朋友说要帮我删除无用的信息,看了我的手机微信,当时并无在意,当时有个聊的很有好感的网友,是个大叔,我跟她说起这个大叔,她希望能看看我们的聊天,我觉得很奇怪,"
4078,psy525_105161,3.5,2.1,0.141,,被心理医生催眠控制了不让醒,"现在的我已经饱受两年的精神和心理上的折磨,每天都被别人特意请来的心理医生折磨着,与我不见面的沟通,我能听到的声音很清楚,我想的他们都清楚,总是要不停的让我不能想"
7267,psy525_109015,2.7,2.7,0.300,,怎么解决多动症,"我家孩子,今年九岁,自从上了一年级后,孩子在课堂上经常会控制不住自己,乱动,下座位等举动,当时觉得孩子还小,慢慢来,大点就会好一点。二年级时,下座位的情况没有了"
3,psy525_10110,2.9,1.1,0.139,,我弟弟在家耍了七八年都不出去挣钱怎么办,"我弟弟从读书毕业打了一年工然后就没出去过了,一直和父母生活也不出去挣钱,天天只知道玩游戏睡觉,还经常和父母吵架,就算没有游戏他也一个人在家和小猫玩窦能玩一天,他"
8086,psy525_109909,2.9,1.17,0.122,,孩子的世界只有自己与外人无语言上沟通,孩子整天躺在床上不说话跟哑巴一样!也不吃饭想让他开口怎么办
1834,psy525_102437,1.2,1.2,0.172,,"讨厌现在的生活,大家都是勉强生活的吗","小时候家境贫寒,从小就很独立,胆儿也很大,我在北京念大学,现在大四,已经保研,但是不是很想念,大学里实习过很多次,做过很多兼职,也创过业,拿过很多奖学金,参加过"
4659,psy525_105794,2.4,1.17,0.139,,"对爱情没有安全感,噩梦总是梦到我们两个走到了尽头","不想再做噩梦了,一点安全感没有,痛苦中的梦一觉痛苦中醒来,被心痛疯狂占据所有精神,醒来先找找男朋友真的在不,分不清楚这噩梦的真假,心痛,再无暇顾及其它人事儿,其"
376,psy525_10518,3.4,1.9,0.138,,"事想不开,放不下,激端化想法了","爱人一个月前出轨了,想不通。离婚小孩怎么办?还有这么多年的努力都白费了。去杀了他,我能下得了手,小孩又怎么办,成了杀人犯劳改犯的儿子。二十年的打拼就这样没了。我"
3305,psy525_104248,2.7,1.9,0.131,,心里有问题,"已婚女人,但是内心总渴望自己找一个懂我关心我的知己,喜欢恋爱的感觉!在网上聊过几个,开始都聊的还行,没聊几天不知道喜欢还是习惯,别人发信息晚生气,不找我聊了心里"
6997,psy525_108722,1.7,1.8,0.143,,内心非常介意女朋友不是处,"跟女友相恋,我非常喜欢她但是她不是处我不是介意这个膜,我介意她对前任这种奉献现在心里很焦虑老师能给我解答下吗"
1456,psy525_101852,2.8,1.8,0.145,,表白被拒绝,"我向我女神表白,被拒绝了,现在我很迷茫,联系她我怕我实在骚挠她,不联系我自己难受。下面是拒绝我的原话:“说实话,我很依赖你能在我需要帮助的时候突然出现,我也知道"
5203,psy525_106385,1.6,2.1,0.129,,"我出轨了,老公知道后原谅了,但是我心里好难受,睡不着,失眠",可以删除一些记忆么?我好痛苦的?
1286,psy525_11525,1.3,1.3,0.483,,"女朋友说我爸妈过年没给他礼物,说我们全家都是坏人","我和她认识三年,去年夏天他来过一次我们家,今年过年我们家没给他买礼物她说我们全家都是坏人,我爸妈对她不好不重视她。怎么办"
5045,psy525_106216,2.9,1.8,0.142,,他到底怎么想的,"好了十几天,周六去他们那里玩,晚上在网吧通宵,周日去他家补觉,然后他妈突然回来了,没敢让他妈见,然后他让他妈去卧室,我们俩出去了,然后我就不理他,他问我怎么了,"
4789,psy525_105944,1.13,1.2,0.111,,"自卑,放不开不爱笑","跟过三个不同的领导。都对我说过:怎么不高兴一样?好像有什么心事??第三个说我放不开,不爱说话。我从小就有点自卑,我不爱笑一般。所以对熟悉的人对差不多的人很聊的来"
4846,psy525_106003,1.3,1.3,0.223,,我没有那么坚强,"我有一个按部就班的人生。但是我赌钱。输的一无所有。处了五年的女朋友也走了。欠了很多钱。没有朋友了。现在还拖累我的父母,我现在落后同龄人太多了。我开始自卑。她走了"
2993,psy525_103886,1.2,1.8,0.212,,"老是担心失去她,唯唯诺诺的去做好事,却让她常生气","提高情商与沟通,怎么正确的拿捏主次"
3319,psy525_104262,1.7,1.17,0.130,,梦见抱着一个会说话的女婴,"我梦中的的这人是我的邻居,女大学生。平时关系还不错经常一起玩。但是她出现在我梦中是一个婴儿,我从她床上把她抱走的时候她妈妈不知道,她没有穿衣服,不过是用包布包住"
7772,psy525_109565,1.9,1.17,0.149,,想咨询情感方面的问题,"男友是个摄影人,我最受不了他总给别的女人照相,为此闹矛盾,可他总在解释说是正常的,没有任何想法,但是我觉得我已经很漂亮了,也总给他当模特,照相就是一个玩,也不图"
3597,psy525_104584,3.2,2.1,0.137,,我是否有精神和心里方面的问题,"我经常会胡思乱想,有时候看到一些物和事就会想到自己身上,有时候晚上都睡不了觉,容易愤怒发脾气伤人自伤,砸东西,甚至想自杀。比如说我在工作的时候有人说我没做多少事"
8031,psy525_109846,2.9,2.1,0.141,,心里很痛苦,"前段时间单位给我调岗,新岗位的同事和领导很不友好,总是排挤和刁难我,我每天总是疲于迎合她们,很心累所以下班后才做点自己喜欢的事,回家有点晚,可我父母却跟单位请假"
3307,psy525_104250,2.7,1.17,0.109,,"不知对我是真,还是假,或者有着苦衷","她说.她的妈妈不让他早恋,可是还是跟我在一起了几个月,然后她说,被她妈妈发现了,她妈妈拿棍子打她,她妈说赶紧分了,她也死活不同意,于是跟我讲述了这些,她突然说出"
1629,psy525_102107,1.3,1.2,0.140,,"我有问题还是他有问题,还是都有?","相亲认识一个男生,声音温和,他家人说他内向,他自己也这样说,并承认自己不会谈恋爱,但是说话还算得体,没有一点男女之间的不好意思。此男在异地,微信联系我时,只聊几"
587,psy525_10747,2.8,2.1,0.177,,"我不知道还爱不爱他,是否应该和好","我今年大二,我和他在一起三年8个月多,中间分分合合,第一次分手是刚处了一个月他提出的,他喜欢上别人了,那个女孩不喜欢他,拒绝他了,我努力挽回,他又和我在一起,中"
3981,psy525_105047,1.3,1.8,0.131,,该继续还是放弃?,"在相亲活动上遇到一男,28,比我大半年,公务员,年收入10万左右,有车有房,相亲活动上他加了我的微信,可是没有聊过天,有一次我在群里发布爬山活动,他私聊我,我本"
6197,psy525_107675,2.8,2.1,0.142,,我该怎么办,24岁了我16年大学毕业17年2月份辞职后一直在家里没工作然后迷上了赌博第一次输了1W5家里帮我还了我答应好好工作的可是这次又赌博输了3W家里答应帮我还父母也被
2772,psy525_103623,2.4,2.2,0.183,,"对学校课堂抵触,夜晚经常做噩梦被惊醒!","由于在学校由于和同学的不愉快导致不想上学,在家修养了20多天,再回去时就开始浑身发抖体力不支,而且晚上总是做噩梦!是那种非常可怕的梦!时常夜里被惊醒多次!想请您"
5265,psy525_106451,2.9,1.2,0.220,,心里很难受,"前段时间单位给我调岗,新岗位的同事和领导很不友好,总是排挤和刁难我,我每天总是疲于迎合她们,很心累所以下班后才做点自己喜欢的事,回家有点晚,可我父母却跟单位请假"
1440,psy525_101829,2.8,2.1,0.122,,我该怎么办,从小成长环境就不好家庭不和睦本身也胆小很多时候天空都是灰暗的高中休学两年现在高二高一也没怎么上上学的时候也总是请假无法专心的学习自己的目标总是无法达成内心很痛苦
7665,psy525_109446,2.2,1.17,0.202,,"郁闷,怀疑人生。","家人都非常善良老实。不管别人怎么欺负他们都无所谓。别人把什么破事转嫁给他们,他们也非常高兴,觉得助人为乐。不管他们怎么做别人都要反咬他们骂他们做的不好,就算骂他"
7248,psy525_108992,1.9,1.9,0.381,,我也不知道,"我和她分手了,我想要挽回,昨天出了车祸,今天一大早就问我要不要紧,我开玩笑的问她可以算是关心吗?她说可以,然后还要我好好休息,我能挽回么?(分手是她提出来的)"
5432,psy525_106636,2.4,1.1,0.147,,两性心理迷茫,23岁男大学刚刚毕业看到很多两性影片中换妻虐待等行为很受刺激很自责感觉自己两性心理扭曲希望专家帮助解答一下
7687,psy525_109470,1.2,1.8,0.139,,不善于与别人沟通,"不善于和别人相处,沟通"
3890,psy525_104932,1.7,1.8,0.141,,我们还回得去吗,"我们现在,在QQ上每天只聊不到十分钟,她跟我说每天只能玩20分钟,可是我总觉得不对,跟我没聊的期间,她发了一条说说,内容是:是不是我在贱点,你就会更恨我。她把我"
2008,psy525_102676,1.9,2.1,0.234,,一天到晚胡思乱想,"我想一下我是怎么了是不是心里出现了毛病,前几个月我才刚离了婚,现在又和我老公住在一起了,可是我老公他让我留下来了,可是他却又说给我没有以前的感觉了,我以前不是很"
610,psy525_10770,3.4,1.3,0.228,,何去何从~求指点迷津!!!,"我是有过婚史的女人,今年四十了,第一次婚姻是父母包办的,可婚后俩人性格不合,经常吵闹,男的经常动手打人,我是属于那种娇小型的,每次被他揍得遍体鳞伤,婚后有一子,"
4818,psy525_105975,2.1,2.1,0.605,,分手后怎样更快走出这种悲伤,"和他分手了,不是不爱他,就是因为很爱他也为他付出那么多,但是波波折折一起经历一年多了,他还是不爱我,现在越来越不耐烦我,在一起也只顾着玩自己手机连话都懒得跟我说"
2925,psy525_103799,1.15,1.17,0.125,,喜欢穿女人的裙子和丝袜并且用绳子把自己捆绑起来。,请问我这是怎么了?性心理
382,psy525_10524,1.1,1.1,0.539,,"很要强,对自己期待值很高,觉得可以做到,但是不行,经常焦虑","1初三曾经因学习压力,想要快速成绩提高,反而没有效果。2.经常逃避问题,感觉压力大。3.以前成绩还好,后来有很大进步,但是进步原因是和朋友斗气,争强好胜。4.有"
1388,psy525_101772,1.15,1.17,0.145,,"我只能对她说,我会战至最后,我让你看看我会懦弱到什么程度。",谁让她曾经叫我不要靠近她2年。你知道我这2年压抑了我多少对她的感情吗?现在还有脸骂我遗憾大多数来自等待。她其实是在骂我不主动是我的男方的错。她让我不主动2年现在
5726,psy525_106982,3.3,2.1,0.138,,让父母失望的人,"我一只是个坏孩子,初中毕业后更是变本加厉的坏,离家出走,抽烟喝酒,自残,不好好上班,向往独立自由的生活,有时候却又不得不依赖家里的经济支持,不听父母的话,今年,"
6612,psy525_108221,2.9,1.8,0.147,,"孩子不爱说话,谁问都不开口","想问问孩子一直在他外婆家里生活,现在7岁偶尔我会带他回他爷爷奶奶家里玩,可是到家里谁问他话都不回答,不管怎么问,怎么叫他名字就是只会看着他,不开口说话,带去我朋"
483,psy525_10635,1.7,1.9,0.149,,总是忘不掉的画面,"我和老婆结婚10几年了,有个问题困惑了我们10几年,我们很相爱,当初结婚后,为了表明我的真心和坦诚,我把自己的初恋详详细细的和老婆说了,自此以后,老婆时时刻刻在"
4766,psy525_105916,1.7,1.7,0.137,,或许焦虑该怎么调整,跟老公闹矛盾他对我不闻不问我做不到该干嘛干嘛一颗心都是他看到他不理睬我真的好焦虑怎么客服
769,psy525_10956,2.1,2.1,0.481,,"您好!我妈妈得了中风多年,去年11月开始得了焦虑抑郁症","妈妈现在能自己行动,但有时血压高,脚发麻无力,晚上失眠,便秘,喜欢发脾气,骂人,不相信自己的亲人和医生,不配合吃药,吃药的说明书必须得经过她看过,我现在想知道,"
7145,psy525_108879,2.4,1.2,0.146,,女人到底该怎么活?,"到了我这个年龄老大不小了,上有老下有小,遇上个家暴的老公,到底该怎么走完人生路?"
2453,psy525_103245,1.15,1.17,0.139,,14岁女儿有性意识吗?,"只是想了解一下,14岁的女儿经常和爸爸睡一起,爸爸经常摸她,她为什么还要和爸爸睡,怎么想的?"
4564,psy525_105689,2.4,1.9,0.116,,拿不起放不下,老公出轨回归自己依然有阴影
5119,psy525_106292,1.8,1.17,0.185,,自卑自己生殖器小,"看片子上面的XX都很大,我只有11CM长。我没有交往过女朋友,有手淫习惯,大概一周一次。"
6223,psy525_107710,2.6,1.17,0.142,,暴饮暴食怎么办,"最近发现自己暴饮暴食怎么办,看见东西都拿起来吃,心情没什么不好,而且知道自己饱了还是想吃"
843,psy525_11037,2.1,2.1,0.135,,"男性恐惧,爱和女生交往,是同性恋吗","我的表姐,真人真事,她小时候被男生欺负过,所以对男生有了阴影,自那以后对男生有所抵触。上大专的时候,她和学校的另外一个女同学谈了一次恋爱,开始怀疑上了自己是不是"
174,psy525_10303,2.4,2.4,0.284,,他还爱我吗?我们还能和好吗?他还在乎我吗?,"我们还能和好吗?我跟老公在一起12年了,我们是同学,我和他都是对方的初恋也是唯一,他对我很好,我性格很强势,每次吵架都是他认错哄我,我们才开始出来打工钱不够花的"
7642,psy525_109421,2.4,2.2,0.107,,"自我否定,无法与他人建立平常关系,暴躁。不爱说话,不会说话。",心理阴影问题。精神问题。希望得到根源改善。不服用药物。
308,psy525_10448,1.9,1.9,0.133,,这个男人可不可以嫁?,"你好,我和男友是三年前认识的,刚见面他就特别喜欢我,追了我五个月,这期间我一直是决绝的拒绝状态,原因是他长相太普通。后来他去追了另外一个女生也没追上,据说是室友"
6737,psy525_108384,1.3,1.3,0.245,,我想请你测测他是什么心理,"我爸平时爱跟我发脾气,就是没什么事都发脾气,我就跟他说你这么急干什么,他就说你爷爷从小就爱急,他有很多时候都是这样,就是别人对他怎么样,他就对另一个人怎么样,他"
3740,psy525_104752,2.7,1.1,0.144,,强迫性思维,"高一女生,重点班,胡思乱想,如A二B,为啥B=A,咋能不胡想"
7693,psy525_109476,2.9,1.8,0.139,,情感问题解答,"分手后发现原来对方一直有别人在,现在每天都能想到画面感觉快精神分裂了无心想其他"
1410,psy525_101794,1.15,1.8,0.316,,我分不出是否喜欢一个异性很模糊的感觉,我心里一直忘不了他却不知道我的感觉我想知道我怎么了
4990,psy525_106157,1.9,1.3,0.119,,我发现自己满脑子都只想着赚钱怎么办?,"家里一直催着相亲找对象,可是我不知道为什么对异性一点兴趣都没有,总觉得自己有钱就够了为什么还要一个男人?关键是我现在二十几了,人家都说女人一过25就老得快,是真"
5951,psy525_107320,2.9,2.1,0.146,,别人可以听到我心里话自己幻听自己伪造的,"主要有什么方法可以让别人别听到我的心里话,我需要个人空间,我现在都被逼的想到死了。自己在医院心理科查过精神分裂,但是现在主要的问题是为什么别人可以听到我心里话,"
7706,psy525_109489,1.9,1.9,0.187,,老公经常自拍生殖器是心里障碍吗,老公经常自拍生殖器是心里障碍吗
2385,psy525_103164,2.7,2.1,0.256,,"最近身体不适,总担心自己得了大病,心里负担重,吃不好,睡眠差,早醒白天没精神,总爱躺着,不爱见人","检查结果,乳腺,甲状腺,肺部等都有小结节,大夫就让定期复查,但自己就是总担心,可咋整"
2089,psy525_102782,1.16,1.3,0.109,,"儿子离家出走,我该怎么办?","您好!我儿子昨天离家出走了,把我和他爸爸的电话也拉入黑名单,无法联系,我该怎么办?"
894,psy525_11090,1.9,1.9,0.253,,喜欢美腿的女人,"老师你好,我有个问题隐藏在心里好多年了,我一直喜欢穿丝袜或穿黑色紧身裤的长腿美女,经常喜欢看这类似图片和视频,在和老婆做爱的时候都喜欢她穿着我喜欢的这些,只要她"
2378,psy525_103157,2.9,1.17,0.237,,最近不说话也不上班,一个28岁小伙最近不说话也不上班
4408,psy525_105516,1.17,1.17,0.235,,请心理医生帮忙,"我有恋物癖的顷向,但不是特别严重,直说就是""异装癖""我在网上买了全套女式衣服还有高跟鞋及丝袜,晚上没人的时候拿出来穿在自己身上,觉得女装就是漂亮、好看,吸引人。"
2589,psy525_103398,2.8,1.17,0.148,,"积压了好多年的痛苦,是因为老公吸毒,现在无法隐瞒,自己不知道未来在哪里?","想要指导该怎样做,这样还有希望过下去吗?"
3967,psy525_105031,2.9,1.9,0.144,,总是猜疑妻子出轨,妻子生完老二后我们就分居睡!分居六年了!以前也没有感觉什么!一直都很信任她!但是今年开始总怀疑她出轨背叛我!电话微信等联系手段都调查了没有发现异常!但还是怀疑
7748,psy525_109539,1.12,1.8,0.144,,"他的性格是怎样的,为什么会有这样的性格?","我宿舍有一个人,天天就知道打游戏,一有时间就打游戏,我问他,你以后想从事什么职业,他说想打英雄联盟职业。我们宿舍有个人挺有钱的,然后他平时一口一个郭少一口一个郭"
1295,psy525_11534,1.12,1.1,0.273,,现在在学汽车维修但是完全不感兴趣,"想学们技术老爸让学汽车维修学了一年还是哪样,感觉学不进去对这个完全没有兴趣,也不知道对什么感兴趣怎么办"
888,psy525_11084,2.4,1.8,0.194,,中学时人缘不好带来的阴影,"我高中时经常迟到人不成熟,高三时被两三个不愿读书的同学嘲笑,使自己当时的性格受到影响,与当时的同学都不熟,交流很少。班上有2个好朋友,一直在联系,其它人都不联系"
3264,psy525_104207,3.2,3.2,0.202,,"讨厌自己的生活,很想自杀","感觉很痛苦,从此家里条件很差,父母感情不好,脾气暴躁,动不动就吵架,以前经常交不起学费。家里兄弟姐妹很多。没有得到过太多关心,一直还要照顾爷爷奶。好不容易考上个"
781,psy525_10969,1.13,1.17,0.352,,你好我最紧总是很在意别人的想法想让别人在意自己,我描述的问题应该怎么解决呢
4257,psy525_105354,2.7,2.7,0.284,,这属于不自信还是强迫症呢?,"不知道从什么时候开始自己要不停的照镜子,总觉得自己鼻子不干净,看看自己鼻孔是否干净,怕别人看到后会被笑话邋遢,现在都已经影响到正常的社交了,以前只是工作时,现在"
3997,psy525_105065,2.2,2.2,0.324,,"紧张,焦躁不安","下周就要进行体质达标测试了,要测800米,十分紧张,坐立不安手脚冰凉,严重影响了学习和生活"
4646,psy525_105780,3.2,1.2,0.241,,我怎么老是招小人??,"我的身边到处都是小人,让我很困扰。都是什么同事,同乡,同行,同性,同龄,那些都是'小人高'发区。我先说我一下自己的情况吧!我是一名初中毕业生,家庭背景是农民,父"
1455,psy525_101851,1.16,1.17,0.143,,"丈夫灵魂出体,每天夜里都说不要我,是真的怎么办好","真的每晚都说,只有我能听懂他说话。他自己和孩子都不信。我快疯了怎么办?我自认为我精神是真的没有问题。白天上班,晚上太难过了。他睡着的时候也能知道我心想什么。真的"
6007,psy525_107407,1.8,1.17,0.142,,关于喜欢恐怖小说的问题。,"老师您好,我现在25岁了,性格比较内向,比较喜欢看一些恐怖推理类型的小说,想知道自己这样是不是不正常,算是心理有问题么?"
4887,psy525_106046,1.17,1.17,0.310,,不会调节自己的情绪,"心情一不好就会觉得所有人都是坏人,动不动就删了自己的QQ好友等,如何调节这样的情绪"
80,psy525_10194,1.13,1.17,0.125,,感觉非常压抑,感觉非常压抑非常的自卑干什么事很不自信
800,psy525_10991,2.8,1.3,0.367,,家庭关系婆媳关系不好,"发现老公对他妈妈言听计从,婆婆过分依赖儿子,因为一点鸡毛蒜皮小事老公要和我离婚,因为他妈妈掺和进来把陈芝麻烂谷子的事都翻出来说我这不好那不好,老公什么都听他妈的"
676,psy525_10846,1.9,2.2,0.109,,心里有事情明知不对却放不下,"前男友要订婚了,可是他老来找我,撩拨我的思绪,我们并不合适,可是在一起却开心。我知道他也为难,可是觉得他做的很不对,我真的很想逃离这种状态,感觉自己都要疯了"
2127,psy525_102841,2.2,2.2,0.415,,请教:如何克服一年级6岁孩子害怕老师的心理?谢谢,"孩子最近一个月,每缝录英语口语作时,特别紧张,声音有些发抖,一开始我没太注意,10月12日晚录口语作业时,双手发抖(当天挨老师批评,老师说了此类话“再读错了就不"
6361,psy525_107900,1.7,1.7,0.453,,心里很痛苦,"心里很难受,很压抑,特别痛苦,总是做后悔的事,说后悔的话,压力很大,特别难受"
7079,psy525_108807,1.15,1.17,0.282,,天天都用性冲动,"天天都有性冲动,看见穿丝袜的女人的想做"
6420,psy525_107984,1.15,1.17,0.235,,对异性的排斥,对异性的排斥这种人应该是哪种的?
3831,psy525_104862,1.12,1.17,0.140,,性格胆小怕事,"老师,我觉得我好胆小怕事,怎么办"
1257,psy525_11494,2.1,2.1,0.528,,生无可恋想死,觉得活着是对身边人的拖累什么都不想做
4042,psy525_105114,3.2,2.1,0.167,,想自杀想死,"我是一名中学生,每当遇到心烦的事,会自残,最严重的是如果和妈妈起争执,会想杀了妈妈,想杀了所有讨厌的人,想自杀,没有安全感,会妄想许多不现实的东西,喜欢密闭狭小"
77,psy525_10191,1.12,1.17,0.190,,感觉自己的脾气就像小孩子一样,"易怒,性格晴雨不定,开心过于开心,会做出很幼稚的举动"
5286,psy525_106473,1.12,1.17,0.279,,"对外界事物不感兴趣,希望什么事情都与我无关,有时候希望所有人都不要和我说话,有时候又特别需要有人陪,","对外界事物不感兴趣,希望什么事情都与我无关,有时候希望所有人都不要和我说话,有时候又特别需要有人陪,请问医生,这种情况该怎么办?"
6422,psy525_107986,1.2,1.2,0.148,,"爱情失败,寻求帮助","我们之间不会沟通,也沟通不了,永远都是误解,和老公冷战,刚领证还没办婚礼,生气出来1个月了,老公没问过我在哪?"
3508,psy525_104481,1.8,1.8,0.136,,现在的人就那么喜欢有事没事说别人的八卦吗??,"一个单位,有人喜欢我,就有人天天说。。拿这个坐席。不把我放在眼里说的我好痛苦啊。。我真的不想听,吧我的关系都弄差了,人际关系难处理。。"
4230,psy525_105325,1.15,1.17,0.146,,喜欢中年女性,"从小就有恋母倾向,现在看到成熟的中念女性,下面就会勃起,好苦恼"
4281,psy525_105379,2.2,1.17,0.148,,"有梦想的我已经被现实打败了,刚来上海时那么多要实现的梦,就只能是梦了。","我不知道怎样处理人际关系,我都十九了,早早出来打工,现在在上海打工。要回家了,说实话还挺害怕回去见那些亲戚的,我大表嫂特看不起人,因为我家农村的离市区很远,从上"
8096,psy525_109920,1.7,1.2,0.146,,怎么和强势的妈妈相处,"和妈妈关系不好,对我的约束太多,无法做自己和没有了自信。很久以前就不想和她说话,爸爸在的时候只和爸爸说话,现在爸爸不在了,没有了安全感,为了躲避不和妈妈说话,我"
7364,psy525_109120,2.4,1.8,0.134,,男朋友动手打我,"男朋友动手打我,因为我三天没去上自习。他说他每天看不到我就生气。那三天我们基本没联系。后来还不承认他打我。之前还有一次,还是因为我不好好学习,他推过我一次。(他"
2966,psy525_103847,2.4,2.1,0.116,,走不出失恋的阴影,"分手了,可是我还爱着她,过去因为我对她不够好,她有人追,我们就分了,我知道她已经对我没感觉,但是还是放不下,总是很后悔当初没有好好珍惜,好压抑,一直睡不好,我不"
1514,psy525_101937,2.2,2.2,0.806,,心理害怕了,结婚一个星期了还是害怕第一次老公也不忍心强迫我还是我害怕时间拖得越久越造成我们两的婚姻生活不好
1202,psy525_11431,2.9,1.9,0.146,,"男友是初恋,我也受过感情伤害,他现在对我态度冷淡,不想分手怎么办","我的初恋男友半年前和我高中时好朋友在一起了,我喝的酩酊大醉决心忘了他,要过得更好,可是过了两个月我就有找到一个人,对我很好开始,后来嫌我脾气太作一个月就分手了…"
7098,psy525_108827,1.15,1.1,0.133,,为孩子咨询的问题,"孩子患有两性畸形,现在需要做手术纠正性别,以前一直是女性身份,现在12岁了,想纠正为男性,不知道怎么跟孩子说这事,不知道能否为孩子做一个心理治疗"
7708,psy525_109491,2.2,2.2,0.202,,心里觉得孩子不是老公的,"没结婚之前跟别人发生过关系,跟老公也发生过,后来怀孕了,生下之后别人有时候说孩子长得像他有时候也像我我总害怕不是他的"
6454,psy525_108026,1.2,1.2,0.275,,管不了孩子了,"孩子现在18虚岁,交了个女朋友,大手大脚花钱,两千块钱没几天就花完,不给钱就结交一个人去网吧偷手机。家长跟他沟通不了也根本不听。我想问问我们做家长的该怎么做,我"
588,psy525_10748,1.9,1.8,0.139,,如何处理感情问题,"对男友很好,可能有点宠坏他的感觉,他经常闹小情绪,经常莫名其妙吃醋,然后不睬我,怎么样可以让他更在乎我一点更重视我一点"
5428,psy525_106631,2.6,1.17,0.136,,不想谈恋爱了,让自己心情很不好。每天很烦躁。吃不下饭。影响生活~掉头发不想睡觉。上班经常迟到。经常失业。这个文图很严重
2266,psy525_103015,1.12,1.2,0.147,,怎有才能改变自己,"一遇到不公平的事情,往往不会据理力争,心里难受又无法排解,我该怎么办呢,是原地踏步,还是换个环境,既然我的性格不适合跟人抢,真的每次都是有利益关系的时候都会被抢"
7787,psy525_109581,1.17,1.17,0.344,,是不是只有少数女人才会主动追求男人?,是不是只有少数女人才会主动追求男人?
727,psy525_10912,2.6,2.1,0.126,,"医生,这是心理问题还是精神问题","我老公的弟弟,失恋了,现在搞得吃不下,睡不着,老是自己走出去,不愿跟我们说话,人也很瘦,他每次失恋都是这样的,该怎么解决了"
6150,psy525_107611,2.9,2.9,0.176,,心里很痛苦,"前几个月单位给我调岗,新岗位的同事和领导很不友好,总是排挤和刁难我,我每天总是疲于迎合她们,很心累所以下班后才做点自己喜欢的事,回家有点晚,可我父母却跟单位请假"
8273,psy525_110110,2.9,1.3,0.323,,与父母关系紧张,"我生长在一个农村家庭,家庭成员有我爷爷、爸爸,妈妈、妹妹、我、还有我妻子和孩子。我父母在我心目中就是一个自私的人,他们对爷爷奶奶总是恶语相向,尤其我妈妈最为突出"
6754,psy525_108416,2.4,1.1,0.253,,"你好,想问个家庭问题","你好,老师。我现在一事无成,搞的自己处境很差。不知道是什么原因。然后我觉得是不是我小时候父母教育和影响造成我的性格,然后导致今天地步的????小时候我爸跟我妈只"
3823,psy525_104853,1.8,1.8,0.230,,"处理不好身边的人际关系,没有一个深交的朋友,时不时就会觉得心谎。","平时跟宿舍中的三个人走到一块,但是总感觉她们不是我想要交的类型,平时也没有共同话题,自己比较内向,不太爱说话,在宿舍内感觉挺压抑的。"
914,psy525_11114,3.5,2.1,0.148,,怎么样才能放下,"你好这件事情已经发生在三年前了。三年前的一天我去邻村的一个篮球场打篮球,有一个人投球的时候不小心投到了我的脸上,那天我心情也不好,又拿球朝他砸了过去,并且骂了他"
5983,psy525_107368,1.9,1.9,0.201,,我老是做梦,"我差点被洪水冲走了我男友都不救我,他抱着别人在救别人"
6294,psy525_107808,1.16,1.2,0.141,,要不要转学,"儿子考上重点中学,现在却要求转回离家较近的镇中学"
6236,psy525_107732,1.7,1.2,0.152,,"婚姻中。两个人没有共同语言,没有话题。","婚姻中没有共同话题,我心累了,沉默不语,怎么办呢现在"
7970,psy525_109780,1.8,1.8,0.149,,"我觉得自己太卑微,别人看轻我,不屑于和我交流,优秀的人不屑于和我接触。","我是小学老师,写字(粉笔字,钢笔字,毛笔字)一直特别难看,也不会说话,不爱说话,性格孤僻内向,很自卑。好像这都是天生的?不能改变的?"
6701,psy525_108339,1.16,1.17,0.147,,高中生早恋叛逆,"我喜欢我们的班主任,由于我因为他情绪不稳定,我不知道怎么办,就告诉他我喜欢他,然后他就委婉拒绝了,但是我现在心里更加难过,老师似乎不太喜欢我了,我该怎么办呢?"
5168,psy525_106346,1.6,1.17,0.150,,人心静下来会怎么样,人心静下来会感受到自己的呼吸吗?如果感受到自己的呼吸会导致难入睡吗?
3145,psy525_104060,1.13,1.17,0.196,,"13岁男孩敏感、易怒,脾气暴躁,偶有打架行为","13岁男生敏感,脾气暴躁易怒,偶有打架行为"
8079,psy525_109901,1.3,1.17,0.105,,我弟弟上大学是谈那个女孩子分手了之后就精神不对,四五年了我爸妈很难受这15年里的我弟弟的精神状态一直不好一起一直靠吃药这几天好像精神又不对了不知是怎么回事希望通过咨询心理治疗
7980,psy525_109790,1.8,1.8,0.327,,"女朋友要和我分手,","我女朋友要和我分手,可是我一点都不想分,我在怎么挽留都没有用了,我真的一点都舍不得,请老师帮帮我,"
3357,psy525_104312,1.12,1.17,0.210,,情绪化变重了,"最近不知道为什么,情绪化加重了,对啥都不感兴趣,觉得室友有时候很烦,不知道为啥,想找一种方法,可以让自己变得快乐"
3504,psy525_104477,1.8,1.17,0.148,,为什么我总找不准自己的位置,"为什么我总找不到自己的位置,不知道自己该是外向还是内向,该跟人们话多还是话少,为人处事中该怎样做,我不知道我到底是什么性格,为什么会这样?"
6552,psy525_108152,3.3,2.2,0.144,,"常常会听到周围的人骂我,经常我感觉发生的事情,向周围的人求证都说没有发生。","在前有心理老师诊断是复合型心理创伤,但是我不做恶梦。我有自残心理,并且从内心觉得自己是被排斥的,我经常紧张就颤抖"
4839,psy525_105996,1.8,1.8,0.267,,"心情好差,咨询师找过男朋友后,他不理我了。",……………………没没没没没没没没没没
1536,psy525_101970,1.8,1.8,0.280,,分手了想挽留又想戒掉前男友,"你好,我和我前男友恋爱3年,我很矛盾,我想挽留,因为还爱,他也爱我,但是我们相处过场钟出现很多问题,大家都在痛苦之中,但是我又很痛苦,又想忘记,很矛盾"
2471,psy525_103266,1.15,1.3,0.123,,孩子心理咨询,"我儿子今年12岁,经常会偷偷去拿女性的内衣裤回家收藏起来,这现象已经有一段时间了,真心担心孩儿的未来成长,希望得到医生的帮助"
5380,psy525_106576,3.4,2.1,0.137,,女儿的心理问题,"女儿7岁,近期很反常:把自己身上的痣(不疼不痒)持续抠到烂。和很多同学长期为小事儿争执,动手打人。长时间偷同学的积分卡,前天还偷了同学103元。经常欺骗。"
620,psy525_10782,1.8,1.8,0.281,,"为什么和自己一个同学在一块心里怪怪的,而且学不下去",和他在一块老学不下去
2643,psy525_103467,1.1,1.1,0.364,,拖延症越来越严重了怎么办??,"我是一个高二的学生了,现在拖延症越来越严重。本来很早写完的作业,现在要到很晚才能做完,做的时候不知道都在磨什么,再这样下去很容易影响我的成绩的"
4398,psy525_105504,2.4,2.4,0.139,,我觉得夜深人静的时候比一下兰花指装一下女生的声音蛮能够解压的因为我作为男人的压力和背负过去的阴影太重,我觉得夜深人静的时候比一下兰花指装一下女生的声音蛮能够解压的因为我作为男人的压力和背负过去的阴影太重了。
8089,psy525_109913,2.4,2.4,0.235,,"对,我有从小被男生和父亲打的心理阴影所以我现在面对情敌都不敢追求她了。我就是怕情敌针对我。老师,你可","对,我有从小被男生和父亲打的心理阴影所以我现在面对情敌都不敢追求她了。我就是怕情敌针对我。老师,你可懂男人的屈辱?她确实喜欢我但是她希望我主动征服她。"
1570,psy525_102023,1.13,1.1,0.238,,"觉得大学很失落,自卑,不如人家,参加好多竞选都没选上,觉得自己不够好","希望专家可以开导我,在大学里怎么做"
6317,psy525_107839,2.7,2.7,0.144,,该怎么办很难受,"今天去妇科检查,男朋友千叮咛万嘱咐一定要女医生检查,谁知道挂号之后只有一个男医生,然后里面有个女护士,当时以为是女护士给我做白带抽取,也没觉得有什么。然后就进去"
8057,psy525_109876,1.3,1.3,0.134,,怎么对付封建垄断冲突型的家庭,怎么对付封建垄断冲突型的家庭
188,psy525_10320,2.4,2.4,0.295,,我们还能和好如初吗?,"我们还能和好吗?我跟老公在一起12年了,我们是同学,我和他都是对方的初恋也是唯一,他对我很好,我性格很强势,每次吵架都是他认错哄我,我们才开始出来打工钱不够花的"
4065,psy525_105138,1.12,2.1,0.135,,我脾气不好!怎么办!,"我总感觉我的脾气不好!性格也不好!特想改。改好一点,改!改!改!这个样子怎么嫁得出去,哎!担心!"
228,psy525_10362,3.3,1.17,0.134,,我怎么了。。吃药之后还有救么。。,"我最近很烦。。做什么事情都不专心。。不知道为什么。。。因此。我学会了玩自残。。卡耐基说。有的病人用病弱来求取别人的关注和同情,而让自己显得很重要。。或许这就是我"
3939,psy525_104999,1.7,1.17,0.192,,人生好累好烦,"老师,从小到大一直到现在,积累了不知道多少事情,每次我都会想,这件事又叫我这么累,但其实我的能力真不大,甚至说我不是动脑筋型的,也不是策略型的,而且我非常讨厌费"
8359,psy525_110200,1.12,1.1,0.134,,人际交往问题,男生21性格比较没戒备情绪不稳定想法也是经常变化从小到大只喜欢过男生暗自喜欢过好多帅气的男生应该怎么办呢?
3446,psy525_104410,1.9,1.8,0.147,,"外国人给我表白,我不知道如何回应。","我是在今年暑假去马来西亚做志愿者的时候认识他的,在一个聊天软件上认识的。他比我大8岁,人很好,是马来西亚华人,我今年20,上大二。在那边做志愿的时候,我有很多问"
6809,psy525_108492,1.9,1.9,0.353,,婚姻誓言的背叛,"我放不下背叛自己的女人,心理矛盾,痛苦,不知道是不是继续下去,"
1206,psy525_11435,1.7,1.7,0.147,,不知如何把握自己的性格,"我很敏感很在乎别人的看法,整日紧张,座位子上就不想动,但并不在乎自己人缘好不好看的很开,我是不是太人格分裂了,这如何把握"
1751,psy525_102314,3.4,3.4,0.134,,儿子突然就不正常了,"近期儿子表现的特别异常,无缘无故发脾气,打人,突然又一句话都不说,眼神和表情都很怪异,不和小朋友玩,也不好好吃饭!是不是生什么病了?"
1409,psy525_101793,2.9,1.8,0.144,,关于男女朋友吵架的问题,"我男朋友也不知道为什么跟我生气,都好几天了也不说话,跟他说感觉他特烦我,才说一句话就让我滚,我问他为什么生气,他让我自己想,我要是知道怎么了就不会问了,我这个人"
6159,psy525_107625,1.15,1.17,0.251,,自己内心怎么都那么渴望想去要那些鱼,"表弟后来钓鱼手工,我钓的两条也在里面。看了里面的鱼,内心好像有一种渴望,自己也希望得到。自己拿回家有一种成就,荣誉,满足感。表弟也是需要,感受到了表弟和我一样。"
5240,psy525_106423,1.8,1.3,0.134,,"婚期定了,但是我却越来越不希望那天的到来","家里人介绍的对象,相处了一年,感觉还行就定了,,,最近结婚的时间也确定下来,但是我很不希望那天的到来,时间越来越近,对那个人觉得也越来越觉得烦,对他的触碰感到反"
3424,psy525_104385,1.12,2.2,0.139,,保护亦或是扼杀自我,"我的身体中住着另一个“我”,他以保护我为目的,他同时声称要在18岁时灭了我,他霸占着我的主观意识,现在我的心脏开始绞痛了,我还不知道怎样去夺回我的躯体(男,17"
1739,psy525_102281,1.16,1.17,0.139,,"你好,我是想问问我儿子的情况","我儿子有严重的心里问题,对生活失去信心,严重影响了他对事世的态度,劝他去看心里医生他又不去,我应该怎么办呢,求帮助"
1294,psy525_11533,1.8,1.8,0.131,,"老婆背着我跟男人吃饭,被我抓住了","当时我说今晚同学聚会晚些回家,我撒了个谎,1小时后回家家里没人,我故意打电话问她吃了没,她说,一会到楼下买点药头痛,我在家打的电话,她说她到楼下买药,她在说谎,"
4763,psy525_105913,2.8,2.1,0.104,,自慰成瘾该怎么纠正,"从小开始自慰,到现在戒不掉,虽然和女友同居但每天都会偷偷自慰,根本忍不住。"
7643,psy525_109422,1.2,2.1,0.126,,为什么越得不到的人越想得到?,"高中开始喜欢,期间表白数次,均被拒绝。到现在大一一直念念不忘。曾自作多情过以为马上就追到她了,顿时没那么喜欢了。后来搞清楚是自作多情后,又十分想得到她。一句话来"
1188,psy525_11416,2.8,1.3,0.200,,我偷用了爸爸卡里的钱该怎么办。,"阿姨您好我是一名在校大学生,因为被朋友带的玩网上赌博,这几天输了钱就偷偷用爸爸的银行卡转了12000。然后现在输掉了,我好后悔了,我现在好想跟我爸妈说,我知道我"
5881,psy525_107210,1.9,1.8,0.142,,不喜男友看黄视频,"之前因为男友有一段时间每天下载一部黄片而被我教训了。后来就改了很多。其实我本身不反对看黄片的,我也会一起看,但是我容忍不了他偷偷看,就怕他天天看沉迷。所以一发现"
7094,psy525_108823,2.2,2.2,0.260,,失眠焦虑失眠恐惧症,失眠及失眠恐惧症焦虑疲乏很困扰不知道怎么办才好
2355,psy525_103125,2.7,2.1,0.147,,"浑身疼,睡不好觉","不定时浑身疼,头疼,检查你也没什么问题,关键是晚上睡一个小时就睡不着觉,还疼"
4716,psy525_105860,1.7,1.8,0.223,,"我希望高三的时候压力大,对于我来说必须谈个恋爱才能减压。体育运动代替不了异性朋友更代替不了女朋友。","我希望高三的时候压力大,对于我来说必须谈个恋爱才能减压。体育运动代替不了异性朋友更代替不了女朋友。"
6956,psy525_108672,3.4,2.1,0.183,,"焦躁不安,有暴力冲动","我常常会突然地焦虑,无名火,一个人的时候如果有事做还好一点,无聊之后会慢慢地焦虑,然后开始有暴力冲动,到最后甚至会出现自杀的念头,不过我还会保持理性,就像我是两"
550,psy525_10707,2.4,1.8,0.149,,为什么总觉得自己必须有喜欢的人呢?,"我以前没有察觉,直到昨天晚上被一个男生拒绝才反思,我总是想要找一个自己喜欢的人,就算心里偷偷喜欢,也想找一个,反正就是不能让自己的心没有喜欢的人。我和昨晚拒绝我"
1894,psy525_102512,1.12,1.8,0.133,,绿色性格过当怎么办,"希望给出建议,以及相应的措施"
129,psy525_10245,1.11,1.17,0.147,,忘不掉的想念,"从小的时候,我对一个女孩很在意,每当经过她家的时候就想去看看。现在10多年过去了,我听说他回家了,我就去她家看她,她变样了,变成大姑娘了。我说:你还认识我不,她"
5992,psy525_107380,2.9,2.9,0.139,,三十七精神病态人怎么治疗,"从少年期逐步形成不良人格,现存在多种不健康心理疾病,现在自己认为是忧郁症,有心理疾病,但自己认为心理咨询师的水平达不到他的要求,故不咨询。父亲多次咨询精神病专家"
4864,psy525_106022,1.8,1.8,0.147,,"孩子偷东西,爱撒谎怎么办?","孩子马上10岁了,总是爱偷同学的东西,撒谎!打了,骂了,他继续我行我素不改正怎么办啊?"
8122,psy525_109950,1.15,1.17,0.138,,我喜欢女性睡裙,我最近老是拿女人穿过的睡裙女童穿过的连衣裙我裙还有女孩穿过的小学生校服用舌头舔舔拿嘴咬然后拿着他们手淫射精
6366,psy525_107909,1.12,1.17,0.148,,孩子性格偏激,"孩子有时生气时,表情特别恐怖,就是自己控制不了自己的那种,常常自己对自己造成很大伤害。"
6734,psy525_108380,2.7,1.2,0.128,,恋爱情感问题,"这里是女生,les。我并不认为同性恋是错的,所以问题也不是和同性恋相关,只是遇到了异性恋同样会出现的情感问题。她是个很可爱的女孩子,我们在一起也很开心,但是时间"
3151,psy525_104066,2.4,1.2,0.211,,她总是说我不爱他,"结婚两年了,结婚时还是挺好的,可自从老婆生了小孩,去我老家做了月子之后,在在一起上班就经常会说我不理解她的心情,我不爱她,我们是打工认识,相识后结婚,她湖南,我"
6583,psy525_108189,1.8,1.8,0.143,,室友相处问题,"如果我因为实在看不下去室友的个人生活习惯问题,而选择将自己孤立出来,尽量与他们不产生任何交际,我做的对吗?或者说我做的有错吗?"
1174,psy525_11402,1.13,1.17,0.149,,"不想跟任何人联系,感觉特别自卑","回家过年,感觉大家混的都可以,自己是越来越混,不想跟任何人联系,也不愿和任何人说话"
130,psy525_10246,3.4,2.1,0.153,,"你好,我就是觉得我心理有毛病","非常容易发火,明明不是那个意思可说出口的话很伤人,之后自己又会非常懊恼,比如说,我刚做好饭,叫家人吃饭,突然老公说他的姐姐和姐夫要来吃饭,我本来只做了很少的饭菜"
8349,psy525_110190,2.9,1.8,0.120,,性的岐变该怎么办?,"本人男21岁在校大学生还是处男没和女生做过爱,但是我挺喜欢自慰的这不重要重要的是我喜欢在图书馆看着妹子悄悄自慰,因为本人也爱好心理学拜读过弗洛伊德和蔼理士的性心"
5322,psy525_106514,1.7,1.9,0.148,,"婚姻危机,没了信任","老公出过轨,现在怎么都感觉不信任了,自己每天东想西想,好累好累"
3347,psy525_104294,2.7,2.2,0.147,,"强迫症,怀疑老公","可以帮我不怀疑老公,家庭和睦吗?"
